{
	"version": 1,
	"texSize": [
		2048.0,
		256.0
	],
	"slots": [
	{
		"name": "lcd_door_left",
		"texArea": [
			0,
			0,
			2048.0,
			256.0
		],
		"pos": [
			[[0.7487, 2.1325, 0.5625], [0.873, 1.9965, 0.5625], [0.873, 1.9965, -0.5625], [0.7487, 2.1325, -0.5625]]
		],
		"offsets": [[0, 0, -8], [0, 0, -4], [0, 0, 0], [0, 0, 4], [0, 0, 8]]
	},
	{
		"name": "lcd_door_right",
		"texArea": [
			0,
			0,
			2048.0,
			256.0
		],
		"pos": [
			[[-0.7487, 2.1325, -0.5625], [-0.873, 1.9965, -0.5625], [-0.873, 1.9965, 0.5625], [-0.7487, 2.1325, 0.5625]]
		],
		"offsets": [[0, 0, -8], [0, 0, -4], [0, 0, 0], [0, 0, 4], [0, 0, 8]]
	}
	]
}