{
   "transport_mode":"TRAIN",
   "length":24,
   "width":2,
   "door_max":14,
   "parts":[
      {
         "name":"door",
         "stage":"INTERIOR",
         "mirror":false,
         "skip_rendering_if_too_far":false,
         "door_offset":"NONE",
         "render_condition":"ALL",
         "positions":[
            [
               0.0,
               0.0
            ],
            [
               0.0,
               64.0
            ],
            [
               0.0,
               128.0
            ],
            [
               0.0,
               -64.0
            ],
            [
               0.0,
               -128.0
            ]
         ],
         "whitelisted_cars":"%1",
         "blacklisted_cars":""
      },
      {
         "name":"window",
         "stage":"INTERIOR",
         "mirror":false,
         "skip_rendering_if_too_far":false,
         "door_offset":"NONE",
         "render_condition":"ALL",
         "positions":[
            [
               0.0,
               32.0
            ],
            [
               0.0,
               96.0
            ],
            [
               0.0,
               -32.0
            ],
            [
               0.0,
               -96.0
            ]
         ],
         "whitelisted_cars":"%1",
         "blacklisted_cars":"4"
      },
      {
         "name":"side_panel_sp1900",
         "stage":"INTERIOR",
         "mirror":false,
         "skip_rendering_if_too_far":false,
         "door_offset":"NONE",
         "render_condition":"ALL",
         "positions":[
            [
               0.0,
               16.0
            ],
            [
               0.0,
               48.0
            ],
            [
               0.0,
               80.0
            ],
            [
               0.0,
               112.0
            ],
            [
               0.0,
               -16.0
            ],
            [
               0.0,
               -48.0
            ],
            [
               0.0,
               -80.0
            ],
            [
               0.0,
               -112.0
            ],
            [
               0.0,
               144.0
            ],
            [
               0.0,
               -144.0
            ]
         ],
         "whitelisted_cars":"%1",
         "blacklisted_cars":"4"
      },
      {
         "name":"end",
         "stage":"INTERIOR",
         "mirror":true,
         "skip_rendering_if_too_far":false,
         "door_offset":"NONE",
         "render_condition":"ALL",
         "positions":[
            [
               0.0,
               160.0
            ]
         ],
         "whitelisted_cars":"%1",
         "blacklisted_cars":"-1,4"
      },
      {
         "name":"end",
         "stage":"INTERIOR",
         "mirror":false,
         "skip_rendering_if_too_far":false,
         "door_offset":"NONE",
         "render_condition":"ALL",
         "positions":[
            [
               0.0,
               -160.0
            ]
         ],
         "whitelisted_cars":"%1",
         "blacklisted_cars":"1,4"
      },
      {
         "name":"side_panel_sp1900_translucent",
         "stage":"INTERIOR_TRANSLUCENT",
         "mirror":false,
         "skip_rendering_if_too_far":false,
         "door_offset":"NONE",
         "render_condition":"ALL",
         "positions":[
            [
               0.0,
               16.0
            ],
            [
               0.0,
               48.0
            ],
            [
               0.0,
               80.0
            ],
            [
               0.0,
               112.0
            ],
            [
               0.0,
               144.0
            ],
            [
               0.0,
               -16.0
            ],
            [
               0.0,
               -48.0
            ],
            [
               0.0,
               -80.0
            ],
            [
               0.0,
               -112.0
            ],
            [
               0.0,
               -144.0
            ]
         ],
         "whitelisted_cars":"%1",
         "blacklisted_cars":"4"
      },
      {
         "name":"roof_sp1900",
         "stage":"INTERIOR",
         "mirror":false,
         "skip_rendering_if_too_far":false,
         "door_offset":"NONE",
         "render_condition":"ALL",
         "positions":[
            [
               0.0,
               0.0
            ],
            [
               0.0,
               32.0
            ],
            [
               0.0,
               64.0
            ],
            [
               0.0,
               96.0
            ],
            [
               0.0,
               128.0
            ],
            [
               0.0,
               -32.0
            ],
            [
               0.0,
               -64.0
            ],
            [
               0.0,
               -128.0
            ],
            [
               0.0,
               -96.0
            ]
         ],
         "whitelisted_cars":"%1",
         "blacklisted_cars":""
      },
      {
         "name":"roof_end_sp1900",
         "stage":"INTERIOR",
         "mirror":false,
         "skip_rendering_if_too_far":false,
         "door_offset":"NONE",
         "render_condition":"ALL",
         "positions":[
            [
               0.0,
               168.0
            ],
            [
               0.0,
               -160.0
            ]
         ],
         "whitelisted_cars":"%1",
         "blacklisted_cars":""
      },
      {
         "name":"roof_light_sp1900",
         "stage":"INTERIOR",
         "mirror":false,
         "skip_rendering_if_too_far":false,
         "door_offset":"NONE",
         "render_condition":"ALL",
         "positions":[
            [
               0.0,
               0.0
            ],
            [
               0.0,
               32.0
            ],
            [
               0.0,
               64.0
            ],
            [
               0.0,
               96.0
            ],
            [
               0.0,
               128.0
            ],
            [
               0.0,
               -32.0
            ],
            [
               0.0,
               -64.0
            ],
            [
               0.0,
               -96.0
            ],
            [
               0.0,
               -128.0
            ]
         ],
         "whitelisted_cars":"%1",
         "blacklisted_cars":""
      },
      {
         "name":"roof_end_light_sp1900",
         "stage":"INTERIOR",
         "mirror":false,
         "skip_rendering_if_too_far":false,
         "door_offset":"NONE",
         "render_condition":"ALL",
         "positions":[
            [
               0.0,
               168.0
            ],
            [
               0.0,
               -160.0
            ]
         ],
         "whitelisted_cars":"%1",
         "blacklisted_cars":""
      },
      {
         "name":"head",
         "stage":"INTERIOR",
         "mirror":true,
         "skip_rendering_if_too_far":false,
         "door_offset":"NONE",
         "render_condition":"ALL",
         "positions":[
            [
               0.0,
               -160.0
            ]
         ],
         "whitelisted_cars":"1",
         "blacklisted_cars":"%1"
      },
      {
         "name":"head_exterior",
         "stage":"EXTERIOR",
         "mirror":true,
         "skip_rendering_if_too_far":false,
         "door_offset":"NONE",
         "render_condition":"ALL",
         "positions":[
            [
               0.0,
               -160.0
            ]
         ],
         "whitelisted_cars":"1",
         "blacklisted_cars":"%1"
      },
      {
         "name":"roof_end_exterior",
         "stage":"EXTERIOR",
         "mirror":false,
         "skip_rendering_if_too_far":false,
         "door_offset":"NONE",
         "render_condition":"ALL",
         "positions":[
            [
               0.0,
               -158.0
            ]
         ],
         "whitelisted_cars":"1",
         "blacklisted_cars":"%1"
      },
      {
         "name":"head",
         "stage":"INTERIOR",
         "mirror":false,
         "skip_rendering_if_too_far":false,
         "door_offset":"NONE",
         "render_condition":"ALL",
         "positions":[
            [
               0.0,
               160.0
            ]
         ],
         "whitelisted_cars":"-1",
         "blacklisted_cars":"%1"
      },
      {
         "name":"head_exterior",
         "stage":"EXTERIOR",
         "mirror":false,
         "skip_rendering_if_too_far":false,
         "door_offset":"NONE",
         "render_condition":"ALL",
         "positions":[
            [
               0.0,
               160.0
            ]
         ],
         "whitelisted_cars":"-1",
         "blacklisted_cars":"%1"
      },
      {
         "name":"door",
         "stage":"INTERIOR",
         "mirror":true,
         "skip_rendering_if_too_far":false,
         "door_offset":"NONE",
         "render_condition":"ALL",
         "positions":[
            [
               0.0,
               0.0
            ],
            [
               0.0,
               64.0
            ],
            [
               0.0,
               -64.0
            ],
            [
               0.0,
               128.0
            ],
            [
               0.0,
               -128.0
            ]
         ],
         "whitelisted_cars":"%1",
         "blacklisted_cars":""
      },
      {
         "name":"window",
         "stage":"INTERIOR",
         "mirror":true,
         "skip_rendering_if_too_far":false,
         "door_offset":"NONE",
         "render_condition":"ALL",
         "positions":[
            [
               0.0,
               32.0
            ],
            [
               0.0,
               96.0
            ],
            [
               0.0,
               -32.0
            ],
            [
               0.0,
               -96.0
            ]
         ],
         "whitelisted_cars":"%1",
         "blacklisted_cars":"4"
      },
      {
         "name":"side_panel_sp1900",
         "stage":"INTERIOR",
         "mirror":true,
         "skip_rendering_if_too_far":false,
         "door_offset":"NONE",
         "render_condition":"ALL",
         "positions":[
            [
               0.0,
               16.0
            ],
            [
               0.0,
               48.0
            ],
            [
               0.0,
               80.0
            ],
            [
               0.0,
               112.0
            ],
            [
               0.0,
               -16.0
            ],
            [
               0.0,
               -48.0
            ],
            [
               0.0,
               -80.0
            ],
            [
               0.0,
               -112.0
            ]
         ],
         "whitelisted_cars":"%1",
         "blacklisted_cars":"4"
      },
      {
         "name":"side_panel_sp1900_translucent",
         "stage":"INTERIOR_TRANSLUCENT",
         "mirror":true,
         "skip_rendering_if_too_far":false,
         "door_offset":"NONE",
         "render_condition":"ALL",
         "positions":[
            [
               0.0,
               16.0
            ],
            [
               0.0,
               48.0
            ],
            [
               0.0,
               80.0
            ],
            [
               0.0,
               112.0
            ],
            [
               0.0,
               -16.0
            ],
            [
               0.0,
               -48.0
            ],
            [
               0.0,
               -80.0
            ],
            [
               0.0,
               -112.0
            ]
         ],
         "whitelisted_cars":"%1",
         "blacklisted_cars":"4"
      },
      {
         "name":"roof_sp1900",
         "stage":"INTERIOR",
         "mirror":true,
         "skip_rendering_if_too_far":false,
         "door_offset":"NONE",
         "render_condition":"ALL",
         "positions":[
            [
               0.0,
               0.0
            ],
            [
               0.0,
               32.0
            ],
            [
               0.0,
               64.0
            ],
            [
               0.0,
               96.0
            ],
            [
               0.0,
               128.0
            ],
            [
               0.0,
               -128.0
            ],
            [
               0.0,
               -96.0
            ],
            [
               0.0,
               -64.0
            ],
            [
               0.0,
               -32.0
            ]
         ],
         "whitelisted_cars":"%1",
         "blacklisted_cars":""
      },
      {
         "name":"roof_light_sp1900",
         "stage":"INTERIOR",
         "mirror":true,
         "skip_rendering_if_too_far":false,
         "door_offset":"NONE",
         "render_condition":"ALL",
         "positions":[
            [
               0.0,
               0.0
            ],
            [
               0.0,
               32.0
            ],
            [
               0.0,
               64.0
            ],
            [
               0.0,
               96.0
            ],
            [
               0.0,
               128.0
            ],
            [
               0.0,
               -32.0
            ],
            [
               0.0,
               -64.0
            ],
            [
               0.0,
               -96.0
            ],
            [
               0.0,
               -128.0
            ]
         ],
         "whitelisted_cars":"%1",
         "blacklisted_cars":""
      },
      {
         "name":"window_exterior_1",
         "stage":"EXTERIOR",
         "mirror":false,
         "skip_rendering_if_too_far":false,
         "door_offset":"NONE",
         "render_condition":"ALL",
         "positions":[
            [
               0.0,
               32.0
            ],
            [
               0.0,
               -32.0
            ],
            [
               0.0,
               96.0
            ],
            [
               0.0,
               -96.0
            ]
         ],
         "whitelisted_cars":"%1",
         "blacklisted_cars":""
      },
      {
         "name":"window_exterior_2",
         "stage":"EXTERIOR",
         "mirror":false,
         "skip_rendering_if_too_far":false,
         "door_offset":"NONE",
         "render_condition":"ALL",
         "positions":[
            [
               0.0,
               32.0
            ],
            [
               0.0,
               -32.0
            ],
            [
               0.0,
               96.0
            ],
            [
               0.0,
               -96.0
            ]
         ],
         "whitelisted_cars":"%1",
         "blacklisted_cars":""
      },
      {
         "name":"door_exterior_1",
         "stage":"EXTERIOR",
         "mirror":false,
         "skip_rendering_if_too_far":false,
         "door_offset":"NONE",
         "render_condition":"ALL",
         "positions":[
            [
               0.0,
               0.0
            ],
            [
               0.0,
               64.0
            ],
            [
               0.0,
               128.0
            ],
            [
               0.0,
               -64.0
            ],
            [
               0.0,
               -128.0
            ]
         ],
         "whitelisted_cars":"%1",
         "blacklisted_cars":""
      },
      {
         "name":"end_exterior",
         "stage":"EXTERIOR",
         "mirror":true,
         "skip_rendering_if_too_far":false,
         "door_offset":"NONE",
         "render_condition":"ALL",
         "positions":[
            [
               0.0,
               160.0
            ]
         ],
         "whitelisted_cars":"%1",
         "blacklisted_cars":"-1,4"
      },
      {
         "name":"end_exterior",
         "stage":"EXTERIOR",
         "mirror":false,
         "skip_rendering_if_too_far":false,
         "door_offset":"NONE",
         "render_condition":"ALL",
         "positions":[
            [
               0.0,
               -160.0
            ]
         ],
         "whitelisted_cars":"%1",
         "blacklisted_cars":"1,4"
      },
      {
         "name":"tv_pole",
         "stage":"INTERIOR",
         "mirror":false,
         "skip_rendering_if_too_far":false,
         "door_offset":"NONE",
         "render_condition":"ALL",
         "positions":[
            [
               0.0,
               0.0
            ],
            [
               0.0,
               128.0
            ],
            [
               0.0,
               -128.0
            ]
         ],
         "whitelisted_cars":"%1",
         "blacklisted_cars":""
      },
      {
         "name":"pole",
         "stage":"INTERIOR",
         "mirror":false,
         "skip_rendering_if_too_far":false,
         "door_offset":"NONE",
         "render_condition":"ALL",
         "positions":[
            [
               0.0,
               64.0
            ],
            [
               0.0,
               -64.0
            ]
         ],
         "whitelisted_cars":"%1",
         "blacklisted_cars":""
      },
      {
         "name":"top_handrail_sp1900",
         "stage":"INTERIOR",
         "mirror":false,
         "skip_rendering_if_too_far":false,
         "door_offset":"NONE",
         "render_condition":"ALL",
         "positions":[
            [
               0.0,
               32.0
            ],
            [
               0.0,
               96.0
            ],
            [
               0.0,
               -32.0
            ],
            [
               0.0,
               -96.0
            ]
         ],
         "whitelisted_cars":"%1",
         "blacklisted_cars":"4"
      },
      {
         "name":"top_handrail_sp1900",
         "stage":"INTERIOR",
         "mirror":false,
         "skip_rendering_if_too_far":false,
         "door_offset":"NONE",
         "render_condition":"ALL",
         "positions":[
            [
               0.0,
               -160.0
            ]
         ],
         "whitelisted_cars":"%1",
         "blacklisted_cars":"1,4"
      },
      {
         "name":"top_handrail_sp1900",
         "stage":"INTERIOR",
         "mirror":false,
         "skip_rendering_if_too_far":false,
         "door_offset":"NONE",
         "render_condition":"ALL",
         "positions":[
            [
               0.0,
               160.0
            ]
         ],
         "whitelisted_cars":"%1",
         "blacklisted_cars":"-1,4"
      },
      {
         "name":"top_handrail_sp1900",
         "stage":"INTERIOR",
         "mirror":true,
         "skip_rendering_if_too_far":false,
         "door_offset":"NONE",
         "render_condition":"ALL",
         "positions":[
            [
               0.0,
               32.0
            ],
            [
               0.0,
               96.0
            ],
            [
               0.0,
               -32.0
            ],
            [
               0.0,
               -96.0
            ]
         ],
         "whitelisted_cars":"%1",
         "blacklisted_cars":"4"
      },
      {
         "name":"top_handrail_sp1900",
         "stage":"INTERIOR",
         "mirror":true,
         "skip_rendering_if_too_far":false,
         "door_offset":"NONE",
         "render_condition":"ALL",
         "positions":[
            [
               0.0,
               -160.0
            ]
         ],
         "whitelisted_cars":"%1",
         "blacklisted_cars":"1,4"
      },
      {
         "name":"top_handrail_sp1900",
         "stage":"INTERIOR",
         "mirror":true,
         "skip_rendering_if_too_far":false,
         "door_offset":"NONE",
         "render_condition":"ALL",
         "positions":[
            [
               0.0,
               160.0
            ]
         ],
         "whitelisted_cars":"%1",
         "blacklisted_cars":"-1,4"
      },
      {
         "name":"top_handrail_head_sp1900",
         "stage":"INTERIOR",
         "mirror":false,
         "skip_rendering_if_too_far":false,
         "door_offset":"NONE",
         "render_condition":"ALL",
         "positions":[
            [
               0.0,
               -156.0
            ]
         ],
         "whitelisted_cars":"1",
         "blacklisted_cars":"%1"
      },
      {
         "name":"top_handrail_head_sp1900",
         "stage":"INTERIOR",
         "mirror":true,
         "skip_rendering_if_too_far":false,
         "door_offset":"NONE",
         "render_condition":"ALL",
         "positions":[
            [
               0.0,
               -156.0
            ]
         ],
         "whitelisted_cars":"1",
         "blacklisted_cars":"%1"
      },
      {
         "name":"top_handrail_head_sp1900",
         "stage":"INTERIOR",
         "mirror":false,
         "skip_rendering_if_too_far":false,
         "door_offset":"NONE",
         "render_condition":"ALL",
         "positions":[
            [
               0.0,
               156.0
            ]
         ],
         "whitelisted_cars":"-1",
         "blacklisted_cars":"%1"
      },
      {
         "name":"top_handrail_head_sp1900",
         "stage":"INTERIOR",
         "mirror":true,
         "skip_rendering_if_too_far":false,
         "door_offset":"NONE",
         "render_condition":"ALL",
         "positions":[
            [
               0.0,
               156.0
            ]
         ],
         "whitelisted_cars":"-1",
         "blacklisted_cars":"%1"
      },
      {
         "name":"roof_exterior",
         "stage":"EXTERIOR",
         "mirror":false,
         "skip_rendering_if_too_far":false,
         "door_offset":"NONE",
         "render_condition":"ALL",
         "positions":[
            [
               0.0,
               0.0
            ],
            [
               0.0,
               32.0
            ],
            [
               0.0,
               64.0
            ],
            [
               0.0,
               96.0
            ],
            [
               0.0,
               128.0
            ],
            [
               0.0,
               -32.0
            ],
            [
               0.0,
               -64.0
            ],
            [
               0.0,
               -96.0
            ]
         ],
         "whitelisted_cars":"%1",
         "blacklisted_cars":"4"
      },
      {
         "name":"roof_exterior",
         "stage":"EXTERIOR",
         "mirror":true,
         "skip_rendering_if_too_far":false,
         "door_offset":"NONE",
         "render_condition":"ALL",
         "positions":[
            [
               0.0,
               0.0
            ],
            [
               0.0,
               32.0
            ],
            [
               0.0,
               64.0
            ],
            [
               0.0,
               96.0
            ],
            [
               0.0,
               128.0
            ],
            [
               0.0,
               -32.0
            ],
            [
               0.0,
               -64.0
            ],
            [
               0.0,
               -96.0
            ]
         ],
         "whitelisted_cars":"%1",
         "blacklisted_cars":"4"
      },
      {
         "name":"roof_end_exterior",
         "stage":"EXTERIOR",
         "mirror":false,
         "skip_rendering_if_too_far":false,
         "door_offset":"NONE",
         "render_condition":"ALL",
         "positions":[
            [
               0.0,
               -160.0
            ]
         ],
         "whitelisted_cars":"%1",
         "blacklisted_cars":"1,2,5"
      },
      {
         "name":"roof_end_exterior",
         "stage":"EXTERIOR",
         "mirror":true,
         "skip_rendering_if_too_far":false,
         "door_offset":"NONE",
         "render_condition":"ALL",
         "positions":[
            [
               0.0,
               160.0
            ]
         ],
         "whitelisted_cars":"%1",
         "blacklisted_cars":"-2,-1"
      },
      {
         "name":"roof_end_exterior",
         "stage":"EXTERIOR",
         "mirror":true,
         "skip_rendering_if_too_far":false,
         "door_offset":"NONE",
         "render_condition":"ALL",
         "positions":[
            [
               0.0,
               158.0
            ]
         ],
         "whitelisted_cars":"-1",
         "blacklisted_cars":"%1"
      },
      {
         "name":"end_fc",
         "stage":"INTERIOR",
         "mirror":true,
         "skip_rendering_if_too_far":false,
         "door_offset":"NONE",
         "render_condition":"ALL",
         "positions":[
            [
               0.0,
               160.0
            ]
         ],
         "whitelisted_cars":"4",
         "blacklisted_cars":"%1"
      },
      {
         "name":"window2",
         "stage":"INTERIOR",
         "mirror":false,
         "skip_rendering_if_too_far":false,
         "door_offset":"NONE",
         "render_condition":"ALL",
         "positions":[
            [
               0.0,
               -96.0
            ]
         ],
         "whitelisted_cars":"4",
         "blacklisted_cars":"%1"
      },
      {
         "name":"window2",
         "stage":"INTERIOR",
         "mirror":true,
         "skip_rendering_if_too_far":false,
         "door_offset":"NONE",
         "render_condition":"ALL",
         "positions":[
            [
               0.0,
               -96.0
            ]
         ],
         "whitelisted_cars":"4",
         "blacklisted_cars":"%1"
      },
      {
         "name":"end_exterior_fc",
         "stage":"EXTERIOR",
         "mirror":false,
         "skip_rendering_if_too_far":false,
         "door_offset":"NONE",
         "render_condition":"ALL",
         "positions":[
            [
               0.0,
               -160.0
            ]
         ],
         "whitelisted_cars":"4",
         "blacklisted_cars":"%1"
      },
      {
         "name":"window_exterior_1_fc",
         "stage":"EXTERIOR",
         "mirror":false,
         "skip_rendering_if_too_far":false,
         "door_offset":"NONE",
         "render_condition":"ALL",
         "positions":[
            [
               0.0,
               64.0
            ],
            [
               0.0,
               -128.0
            ],
            [
               0.0,
               -64.0
            ]
         ],
         "whitelisted_cars":"4",
         "blacklisted_cars":"%1"
      },
      {
         "name":"window_exterior_2_fc",
         "stage":"EXTERIOR",
         "mirror":false,
         "skip_rendering_if_too_far":false,
         "door_offset":"NONE",
         "render_condition":"ALL",
         "positions":[
            [
               0.0,
               64.0
            ],
            [
               0.0,
               -64.0
            ],
            [
               0.0,
               -128.0
            ]
         ],
         "whitelisted_cars":"4",
         "blacklisted_cars":"%1"
      },
      {
         "name":"roof_exterior_fc",
         "stage":"EXTERIOR",
         "mirror":false,
         "skip_rendering_if_too_far":false,
         "door_offset":"NONE",
         "render_condition":"ALL",
         "positions":[
            [
               0.0,
               0.0
            ],
            [
               0.0,
               32.0
            ],
            [
               0.0,
               64.0
            ],
            [
               0.0,
               96.0
            ],
            [
               0.0,
               128.0
            ],
            [
               0.0,
               -32.0
            ],
            [
               0.0,
               -64.0
            ],
            [
               0.0,
               -96.0
            ],
            [
               0.0,
               -128.0
            ]
         ],
         "whitelisted_cars":"4",
         "blacklisted_cars":"%1"
      },
      {
         "name":"roof_exterior_fc",
         "stage":"EXTERIOR",
         "mirror":true,
         "skip_rendering_if_too_far":false,
         "door_offset":"NONE",
         "render_condition":"ALL",
         "positions":[
            [
               0.0,
               0.0
            ],
            [
               0.0,
               32.0
            ],
            [
               0.0,
               64.0
            ],
            [
               0.0,
               96.0
            ],
            [
               0.0,
               128.0
            ],
            [
               0.0,
               -32.0
            ],
            [
               0.0,
               -64.0
            ],
            [
               0.0,
               -96.0
            ],
            [
               0.0,
               -128.0
            ]
         ],
         "whitelisted_cars":"4",
         "blacklisted_cars":"%1"
      },
      {
         "name":"headlights",
         "stage":"ALWAYS_ON_LIGHTS",
         "mirror":true,
         "skip_rendering_if_too_far":false,
         "door_offset":"NONE",
         "render_condition":"MOVING_FORWARDS",
         "positions":[
            [
               0.0,
               -160.0
            ]
         ],
         "whitelisted_cars":"1",
         "blacklisted_cars":"%1"
      },
      {
         "name":"tail_lights",
         "stage":"ALWAYS_ON_LIGHTS",
         "mirror":true,
         "skip_rendering_if_too_far":false,
         "door_offset":"NONE",
         "render_condition":"MOVING_BACKWARDS",
         "positions":[
            [
               0.0,
               -160.0
            ]
         ],
         "whitelisted_cars":"1",
         "blacklisted_cars":"%1"
      },
      {
         "name":"headlights",
         "stage":"ALWAYS_ON_LIGHTS",
         "mirror":false,
         "skip_rendering_if_too_far":false,
         "door_offset":"NONE",
         "render_condition":"MOVING_BACKWARDS",
         "positions":[
            [
               0.0,
               160.0
            ]
         ],
         "whitelisted_cars":"-1",
         "blacklisted_cars":"%1"
      },
      {
         "name":"tail_lights",
         "stage":"ALWAYS_ON_LIGHTS",
         "mirror":false,
         "skip_rendering_if_too_far":false,
         "door_offset":"NONE",
         "render_condition":"MOVING_FORWARDS",
         "positions":[
            [
               0.0,
               160.0
            ]
         ],
         "whitelisted_cars":"-1",
         "blacklisted_cars":"%1"
      },
      {
         "name":"door_left",
         "stage":"INTERIOR",
         "mirror":false,
         "skip_rendering_if_too_far":false,
         "door_offset":"RIGHT_POSITIVE",
         "render_condition":"ALL",
         "positions":[
            [
               0.0,
               0.0
            ]
         ],
         "whitelisted_cars":"%1",
         "blacklisted_cars":""
      },
      {
         "name":"door_right",
         "stage":"INTERIOR",
         "mirror":false,
         "skip_rendering_if_too_far":false,
         "door_offset":"RIGHT_NEGATIVE",
         "render_condition":"ALL",
         "positions":[
            [
               0.0,
               0.0
            ]
         ],
         "whitelisted_cars":"%1",
         "blacklisted_cars":""
      },
      {
         "name":"door_left",
         "stage":"INTERIOR",
         "mirror":false,
         "skip_rendering_if_too_far":false,
         "door_offset":"RIGHT_POSITIVE",
         "render_condition":"ALL",
         "positions":[
            [
               0.0,
               -64.0
            ],
            [
               0.0,
               -128.0
            ],
            [
               0.0,
               64.0
            ],
            [
               0.0,
               128.0
            ]
         ],
         "whitelisted_cars":"%1",
         "blacklisted_cars":"4"
      },
      {
         "name":"door_right",
         "stage":"INTERIOR",
         "mirror":false,
         "skip_rendering_if_too_far":false,
         "door_offset":"RIGHT_NEGATIVE",
         "render_condition":"ALL",
         "positions":[
            [
               0.0,
               64.0
            ],
            [
               0.0,
               128.0
            ],
            [
               0.0,
               -64.0
            ],
            [
               0.0,
               -128.0
            ]
         ],
         "whitelisted_cars":"%1",
         "blacklisted_cars":"4"
      },
      {
         "name":"door_exterior_2",
         "stage":"EXTERIOR",
         "mirror":false,
         "skip_rendering_if_too_far":false,
         "door_offset":"NONE",
         "render_condition":"ALL",
         "positions":[
            [
               0.0,
               0.0
            ],
            [
               0.0,
               64.0
            ],
            [
               0.0,
               128.0
            ],
            [
               0.0,
               -64.0
            ],
            [
               0.0,
               -128.0
            ]
         ],
         "whitelisted_cars":"%1",
         "blacklisted_cars":"4"
      },
      {
         "name":"door_left_exterior_2",
         "stage":"EXTERIOR",
         "mirror":false,
         "skip_rendering_if_too_far":false,
         "door_offset":"RIGHT_POSITIVE",
         "render_condition":"ALL",
         "positions":[
            [
               0.0,
               0.0
            ],
            [
               0.0,
               64.0
            ],
            [
               0.0,
               128.0
            ],
            [
               0.0,
               -64.0
            ],
            [
               0.0,
               -128.0
            ]
         ],
         "whitelisted_cars":"%1",
         "blacklisted_cars":"4"
      },
      {
         "name":"door_right_exterior_2",
         "stage":"EXTERIOR",
         "mirror":false,
         "skip_rendering_if_too_far":false,
         "door_offset":"RIGHT_NEGATIVE",
         "render_condition":"ALL",
         "positions":[
            [
               0.0,
               0.0
            ],
            [
               0.0,
               64.0
            ],
            [
               0.0,
               128.0
            ],
            [
               0.0,
               -64.0
            ],
            [
               0.0,
               -128.0
            ]
         ],
         "whitelisted_cars":"%1",
         "blacklisted_cars":"4"
      },
      {
         "name":"door_left",
         "stage":"INTERIOR",
         "mirror":true,
         "skip_rendering_if_too_far":false,
         "door_offset":"LEFT_POSITIVE",
         "render_condition":"ALL",
         "positions":[
            [
               0.0,
               0.0
            ]
         ],
         "whitelisted_cars":"%1",
         "blacklisted_cars":""
      },
      {
         "name":"door_right",
         "stage":"INTERIOR",
         "mirror":true,
         "skip_rendering_if_too_far":false,
         "door_offset":"LEFT_NEGATIVE",
         "render_condition":"ALL",
         "positions":[
            [
               0.0,
               0.0
            ]
         ],
         "whitelisted_cars":"%1",
         "blacklisted_cars":""
      },
      {
         "name":"door_left",
         "stage":"INTERIOR",
         "mirror":true,
         "skip_rendering_if_too_far":false,
         "door_offset":"LEFT_POSITIVE",
         "render_condition":"ALL",
         "positions":[
            [
               0.0,
               64.0
            ],
            [
               0.0,
               128.0
            ],
            [
               0.0,
               -64.0
            ],
            [
               0.0,
               -128.0
            ]
         ],
         "whitelisted_cars":"%1",
         "blacklisted_cars":"4"
      },
      {
         "name":"door_right",
         "stage":"INTERIOR",
         "mirror":true,
         "skip_rendering_if_too_far":false,
         "door_offset":"LEFT_NEGATIVE",
         "render_condition":"ALL",
         "positions":[
            [
               0.0,
               64.0
            ],
            [
               0.0,
               128.0
            ],
            [
               0.0,
               -64.0
            ],
            [
               0.0,
               -128.0
            ]
         ],
         "whitelisted_cars":"%1",
         "blacklisted_cars":"4"
      },
      {
         "name":"door_left_exterior_1",
         "stage":"EXTERIOR",
         "mirror":false,
         "skip_rendering_if_too_far":false,
         "door_offset":"LEFT_NEGATIVE",
         "render_condition":"ALL",
         "positions":[
            [
               0.0,
               0.0
            ],
            [
               0.0,
               64.0
            ],
            [
               0.0,
               128.0
            ],
            [
               0.0,
               -64.0
            ],
            [
               0.0,
               -128.0
            ]
         ],
         "whitelisted_cars":"%1",
         "blacklisted_cars":"4"
      },
      {
         "name":"door_right_exterior_1",
         "stage":"EXTERIOR",
         "mirror":false,
         "skip_rendering_if_too_far":false,
         "door_offset":"LEFT_POSITIVE",
         "render_condition":"ALL",
         "positions":[
            [
               0.0,
               0.0
            ],
            [
               0.0,
               64.0
            ],
            [
               0.0,
               128.0
            ],
            [
               0.0,
               -64.0
            ],
            [
               0.0,
               -128.0
            ]
         ],
         "whitelisted_cars":"%1",
         "blacklisted_cars":"4"
      },
      {
         "name":"door_left",
         "stage":"INTERIOR",
         "mirror":false,
         "skip_rendering_if_too_far":false,
         "door_offset":"RIGHT_POSITIVE",
         "render_condition":"ALL",
         "positions":[
            [
               0.0,
               128.0
            ]
         ],
         "whitelisted_cars":"4",
         "blacklisted_cars":"%1"
      },
      {
         "name":"door_right",
         "stage":"INTERIOR",
         "mirror":false,
         "skip_rendering_if_too_far":false,
         "door_offset":"RIGHT_NEGATIVE",
         "render_condition":"ALL",
         "positions":[
            [
               0.0,
               128.0
            ]
         ],
         "whitelisted_cars":"4",
         "blacklisted_cars":"%1"
      },
      {
         "name":"door_left",
         "stage":"INTERIOR",
         "mirror":true,
         "skip_rendering_if_too_far":false,
         "door_offset":"LEFT_POSITIVE",
         "render_condition":"ALL",
         "positions":[
            [
               0.0,
               128.0
            ]
         ],
         "whitelisted_cars":"4",
         "blacklisted_cars":"%1"
      },
      {
         "name":"door_right",
         "stage":"INTERIOR",
         "mirror":true,
         "skip_rendering_if_too_far":false,
         "door_offset":"LEFT_NEGATIVE",
         "render_condition":"ALL",
         "positions":[
            [
               0.0,
               128.0
            ]
         ],
         "whitelisted_cars":"4",
         "blacklisted_cars":"%1"
      },
      {
         "name":"door_right_exterior_1_fc",
         "stage":"EXTERIOR",
         "mirror":false,
         "skip_rendering_if_too_far":false,
         "door_offset":"LEFT_POSITIVE",
         "render_condition":"ALL",
         "positions":[
            [
               0.0,
               0.0
            ]
         ],
         "whitelisted_cars":"4",
         "blacklisted_cars":"%1"
      },
      {
         "name":"door_left_exterior_1_fc",
         "stage":"EXTERIOR",
         "mirror":false,
         "skip_rendering_if_too_far":false,
         "door_offset":"LEFT_NEGATIVE",
         "render_condition":"ALL",
         "positions":[
            [
               0.0,
               0.0
            ]
         ],
         "whitelisted_cars":"4",
         "blacklisted_cars":"%1"
      },
      {
         "name":"door_left_exterior_2_fc",
         "stage":"EXTERIOR",
         "mirror":false,
         "skip_rendering_if_too_far":false,
         "door_offset":"RIGHT_POSITIVE",
         "render_condition":"ALL",
         "positions":[
            [
               0.0,
               0.0
            ]
         ],
         "whitelisted_cars":"4",
         "blacklisted_cars":"%1"
      },
      {
         "name":"door_right_exterior_2_fc",
         "stage":"EXTERIOR",
         "mirror":false,
         "skip_rendering_if_too_far":false,
         "door_offset":"RIGHT_NEGATIVE",
         "render_condition":"ALL",
         "positions":[
            [
               0.0,
               0.0
            ]
         ],
         "whitelisted_cars":"4",
         "blacklisted_cars":"%1"
      },
      {
         "name":"door_right_exterior_1_fc",
         "stage":"EXTERIOR",
         "mirror":false,
         "skip_rendering_if_too_far":false,
         "door_offset":"LEFT_POSITIVE",
         "render_condition":"ALL",
         "positions":[
            [
               0.0,
               128.0
            ]
         ],
         "whitelisted_cars":"4",
         "blacklisted_cars":"%1"
      },
      {
         "name":"door_left_exterior_1_fc",
         "stage":"EXTERIOR",
         "mirror":false,
         "skip_rendering_if_too_far":false,
         "door_offset":"LEFT_NEGATIVE",
         "render_condition":"ALL",
         "positions":[
            [
               0.0,
               128.0
            ]
         ],
         "whitelisted_cars":"4",
         "blacklisted_cars":"%1"
      },
      {
         "name":"door_left_exterior_2_fc",
         "stage":"EXTERIOR",
         "mirror":false,
         "skip_rendering_if_too_far":false,
         "door_offset":"RIGHT_POSITIVE",
         "render_condition":"ALL",
         "positions":[
            [
               0.0,
               128.0
            ]
         ],
         "whitelisted_cars":"4",
         "blacklisted_cars":"%1"
      },
      {
         "name":"door_right_exterior_2_fc",
         "stage":"EXTERIOR",
         "mirror":false,
         "skip_rendering_if_too_far":false,
         "door_offset":"RIGHT_NEGATIVE",
         "render_condition":"ALL",
         "positions":[
            [
               0.0,
               128.0
            ]
         ],
         "whitelisted_cars":"4",
         "blacklisted_cars":"%1"
      },
      {
         "name":"window_fc",
         "stage":"INTERIOR",
         "mirror":false,
         "skip_rendering_if_too_far":false,
         "door_offset":"NONE",
         "render_condition":"ALL",
         "positions":[
            [
               0.0,
               64.0
            ],
            [
               0.0,
               -128.0
            ],
            [
               0.0,
               -64.0
            ]
         ],
         "whitelisted_cars":"4",
         "blacklisted_cars":"%1"
      },
      {
         "name":"window_fc",
         "stage":"INTERIOR",
         "mirror":true,
         "skip_rendering_if_too_far":false,
         "door_offset":"NONE",
         "render_condition":"ALL",
         "positions":[
            [
               0.0,
               64.0
            ],
            [
               0.0,
               -128.0
            ],
            [
               0.0,
               -64.0
            ]
         ],
         "whitelisted_cars":"4",
         "blacklisted_cars":"%1"
      },
      {
         "name":"window3",
         "stage":"INTERIOR",
         "mirror":false,
         "skip_rendering_if_too_far":false,
         "door_offset":"NONE",
         "render_condition":"ALL",
         "positions":[
            [
               0.0,
               32.0
            ]
         ],
         "whitelisted_cars":"4",
         "blacklisted_cars":"%1"
      },
      {
         "name":"window3",
         "stage":"INTERIOR",
         "mirror":true,
         "skip_rendering_if_too_far":false,
         "door_offset":"NONE",
         "render_condition":"ALL",
         "positions":[
            [
               0.0,
               -32.0
            ],
            [
               0.0,
               96.0
            ]
         ],
         "whitelisted_cars":"4",
         "blacklisted_cars":"%1"
      },
      {
         "name":"window4",
         "stage":"INTERIOR",
         "mirror":true,
         "skip_rendering_if_too_far":false,
         "door_offset":"NONE",
         "render_condition":"ALL",
         "positions":[
            [
               0.0,
               32.0
            ]
         ],
         "whitelisted_cars":"4",
         "blacklisted_cars":"%1"
      },
      {
         "name":"window4",
         "stage":"INTERIOR",
         "mirror":false,
         "skip_rendering_if_too_far":false,
         "door_offset":"NONE",
         "render_condition":"ALL",
         "positions":[
            [
               0.0,
               -32.0
            ],
            [
               0.0,
               96.0
            ]
         ],
         "whitelisted_cars":"4",
         "blacklisted_cars":"%1"
      },
      {
         "name":"end_fc2",
         "stage":"INTERIOR",
         "mirror":false,
         "skip_rendering_if_too_far":false,
         "door_offset":"NONE",
         "render_condition":"ALL",
         "positions":[
            [
               0.0,
               -160.0
            ]
         ],
         "whitelisted_cars":"4",
         "blacklisted_cars":"%1"
      },
      {
         "name":"end_exterior_fc2",
         "stage":"EXTERIOR",
         "mirror":true,
         "skip_rendering_if_too_far":false,
         "door_offset":"NONE",
         "render_condition":"ALL",
         "positions":[
            [
               0.0,
               160.0
            ]
         ],
         "whitelisted_cars":"4",
         "blacklisted_cars":"%1"
      },
      {
         "name":"seat2",
         "stage":"INTERIOR",
         "mirror":false,
         "skip_rendering_if_too_far":false,
         "door_offset":"NONE",
         "render_condition":"ALL",
         "positions":[
            [
               0.0,
               187.0
            ],
            [
               24.0,
               187.0
            ],
            [
               0.0,
               117.0
            ],
            [
               24.0,
               117.0
            ],
            [
               0.0,
               85.0
            ],
            [
               24.0,
               85.0
            ],
            [
               0.0,
               53.0
            ],
            [
               24.0,
               53.0
            ],
            [
               0.0,
               -11.0
            ],
            [
               24.0,
               -11.0
            ],
            [
               0.0,
               -43.0
            ],
            [
               24.0,
               -43.0
            ],
            [
               0.0,
               -75.0
            ],
            [
               24.0,
               -75.0
            ],
            [
               0.0,
               -139.0
            ],
            [
               24.0,
               -139.0
            ],
            [
               0.0,
               -107.0
            ],
            [
               24.0,
               -107.0
            ]
         ],
         "whitelisted_cars":"4",
         "blacklisted_cars":"%1"
      },
      {
         "name":"seat2",
         "stage":"INTERIOR",
         "mirror":true,
         "skip_rendering_if_too_far":false,
         "door_offset":"NONE",
         "render_condition":"ALL",
         "positions":[
            [
               0.0,
               140.0
            ],
            [
               24.0,
               140.0
            ],
            [
               24.0,
               75.0
            ],
            [
               0.0,
               75.0
            ],
            [
               24.0,
               43.0
            ],
            [
               0.0,
               43.0
            ],
            [
               24.0,
               11.0
            ],
            [
               0.0,
               11.0
            ],
            [
               24.0,
               -53.0
            ],
            [
               0.0,
               -53.0
            ],
            [
               24.0,
               -85.0
            ],
            [
               0.0,
               -85.0
            ],
            [
               24.0,
               -117.0
            ],
            [
               0.0,
               -117.0
            ],
            [
               24.0,
               -187.0
            ],
            [
               0.0,
               -187.0
            ],
            [
               0.0,
               -149.0
            ],
            [
               24.0,
               -149.0
            ]
         ],
         "whitelisted_cars":"4",
         "blacklisted_cars":"%1"
      },
      {
         "name":"display",
         "stage":"INTERIOR",
         "mirror":false,
         "skip_rendering_if_too_far":false,
         "door_offset":"NONE",
         "render_condition":"DOORS_CLOSED",
         "positions":[
            [
               0.0,
               0.0
            ],
            [
               0.0,
               128.0
            ]
         ],
         "whitelisted_cars":"%1",
         "blacklisted_cars":""
      },
      {
         "name":"display",
         "stage":"INTERIOR",
         "mirror":true,
         "skip_rendering_if_too_far":false,
         "door_offset":"NONE",
         "render_condition":"DOORS_CLOSED",
         "positions":[
            [
               0.0,
               0.0
            ],
            [
               0.0,
               128.0
            ]
         ],
         "whitelisted_cars":"%1",
         "blacklisted_cars":""
      },
      {
         "name":"display",
         "stage":"INTERIOR",
         "mirror":false,
         "skip_rendering_if_too_far":false,
         "door_offset":"NONE",
         "render_condition":"DOORS_CLOSED",
         "positions":[
            [
               0.0,
               -64.0
            ],
            [
               0.0,
               64.0
            ],
            [
               0.0,
               -128.0
            ]
         ],
         "whitelisted_cars":"%1",
         "blacklisted_cars":"4"
      },
      {
         "name":"display",
         "stage":"INTERIOR",
         "mirror":true,
         "skip_rendering_if_too_far":false,
         "door_offset":"NONE",
         "render_condition":"DOORS_CLOSED",
         "positions":[
            [
               0.0,
               -64.0
            ],
            [
               0.0,
               64.0
            ],
            [
               0.0,
               -128.0
            ]
         ],
         "whitelisted_cars":"%1",
         "blacklisted_cars":"4"
      },
      {
         "name":"door_exterior_2",
         "stage":"EXTERIOR",
         "mirror":false,
         "skip_rendering_if_too_far":false,
         "door_offset":"NONE",
         "render_condition":"ALL",
         "positions":[
            [
               0.0,
               0.0
            ],
            [
               0.0,
               128.0
            ]
         ],
         "whitelisted_cars":"4",
         "blacklisted_cars":"%1"
      },
      {
         "name":"kcr_fc_logo",
         "stage":"EXTERIOR",
         "mirror":false,
         "skip_rendering_if_too_far":false,
         "door_offset":"NONE",
         "render_condition":"ALL",
         "positions":[
            [
               0.0,
               -170.0
            ],
            [
               0.0,
               -105.0
            ],
            [
               0.0,
               -40.0
            ],
            [
               0.0,
               50.0
            ],
            [
               0.0,
               110.0
            ],
            [
               0.0,
               170.0
            ]
         ],
         "whitelisted_cars":"4",
         "blacklisted_cars":"%1"
      },
      {
         "name":"kcr_fc_logo",
         "stage":"EXTERIOR",
         "mirror":true,
         "skip_rendering_if_too_far":false,
         "door_offset":"NONE",
         "render_condition":"ALL",
         "positions":[
            [
               0.0,
               -170.0
            ],
            [
               0.0,
               -105.0
            ],
            [
               0.0,
               -45.0
            ],
            [
               0.0,
               45.0
            ],
            [
               0.0,
               105.0
            ],
            [
               0.0,
               170.0
            ]
         ],
         "whitelisted_cars":"4",
         "blacklisted_cars":"%1"
      },
      {
         "name":"side_panel_sp1900",
         "stage":"INTERIOR",
         "mirror":false,
         "skip_rendering_if_too_far":false,
         "door_offset":"NONE",
         "render_condition":"ALL",
         "positions":[
            [
               0.0,
               16.0
            ],
            [
               0.0,
               -16.0
            ],
            [
               0.0,
               144.0
            ],
            [
               0.0,
               112.0
            ]
         ],
         "whitelisted_cars":"4",
         "blacklisted_cars":"%1"
      },
      {
         "name":"side_panel_sp1900_translucent",
         "stage":"INTERIOR_TRANSLUCENT",
         "mirror":false,
         "skip_rendering_if_too_far":false,
         "door_offset":"NONE",
         "render_condition":"ALL",
         "positions":[
            [
               0.0,
               16.0
            ],
            [
               0.0,
               -16.0
            ],
            [
               0.0,
               144.0
            ],
            [
               0.0,
               112.0
            ]
         ],
         "whitelisted_cars":"4",
         "blacklisted_cars":"%1"
      },
      {
         "name":"side_panel_sp1900",
         "stage":"INTERIOR",
         "mirror":true,
         "skip_rendering_if_too_far":false,
         "door_offset":"NONE",
         "render_condition":"ALL",
         "positions":[
            [
               0.0,
               16.0
            ],
            [
               0.0,
               -16.0
            ],
            [
               0.0,
               144.0
            ],
            [
               0.0,
               112.0
            ]
         ],
         "whitelisted_cars":"4",
         "blacklisted_cars":"%1"
      },
      {
         "name":"side_panel_sp1900_translucent",
         "stage":"INTERIOR_TRANSLUCENT",
         "mirror":true,
         "skip_rendering_if_too_far":false,
         "door_offset":"NONE",
         "render_condition":"ALL",
         "positions":[
            [
               0.0,
               16.0
            ],
            [
               0.0,
               -16.0
            ],
            [
               0.0,
               144.0
            ],
            [
               0.0,
               112.0
            ]
         ],
         "whitelisted_cars":"4",
         "blacklisted_cars":"%1"
      },
      {
         "name":"display_rm_ns_sp1900",
         "stage":"INTERIOR",
         "mirror":false,
         "skip_rendering_if_too_far":false,
         "door_offset":"NONE",
         "render_condition":"DOORS_CLOSED",
         "positions":[
            [
               0.0,
               0.0
            ],
            [
               0.0,
               128.0
            ]
         ],
         "whitelisted_cars":"%1",
         "blacklisted_cars":"",
         "display":{
            "x_padding":0.0,
            "y_padding":0.0,
            "cjk_size_ratio":1.5,
            "type":"NEXT_STATION_PLAIN",
            "color_cjk":"1",
            "color":"1",
            "should_scroll":false,
            "force_upper_case":false,
            "force_single_line":false
         }
      },
      {
         "name":"display_rm_ns_sp1900",
         "stage":"INTERIOR",
         "mirror":false,
         "skip_rendering_if_too_far":false,
         "door_offset":"NONE",
         "render_condition":"DOORS_CLOSED",
         "positions":[
            [
               0.0,
               -128.0
            ],
            [
               0.0,
               -64.0
            ],
            [
               0.0,
               64.0
            ]
         ],
         "whitelisted_cars":"%1",
         "blacklisted_cars":"4",
         "display":{
            "x_padding":0,
            "y_padding":0,
            "cjk_size_ratio":1.5,
            "type":"NEXT_STATION_PLAIN",
            "color_cjk":"1",
            "color":"1",
            "should_scroll":false,
            "force_upper_case":false,
            "force_single_line":false
         }
      },
      {
         "name":"display_rm_ns_sp1900",
         "stage":"INTERIOR",
         "mirror":true,
         "skip_rendering_if_too_far":false,
         "door_offset":"NONE",
         "render_condition":"DOORS_CLOSED",
         "positions":[
            [
               0.0,
               0.0
            ],
            [
               0.0,
               128.0
            ]
         ],
         "whitelisted_cars":"%1",
         "blacklisted_cars":"",
         "display":{
            "x_padding":0,
            "y_padding":0,
            "cjk_size_ratio":1.5,
            "type":"NEXT_STATION_PLAIN",
            "color_cjk":"1",
            "color":"1",
            "should_scroll":false,
            "force_upper_case":false,
            "force_single_line":false
         }
      },
      {
         "name":"display_rm_ns_sp1900",
         "stage":"INTERIOR",
         "mirror":true,
         "skip_rendering_if_too_far":false,
         "door_offset":"NONE",
         "render_condition":"DOORS_CLOSED",
         "positions":[
            [
               0.0,
               -128.0
            ],
            [
               0.0,
               -64.0
            ],
            [
               0.0,
               64.0
            ]
         ],
         "whitelisted_cars":"%1",
         "blacklisted_cars":"4",
         "display":{
            "x_padding":0,
            "y_padding":0,
            "cjk_size_ratio":1.5,
            "type":"NEXT_STATION_PLAIN",
            "color_cjk":"1",
            "color":"1",
            "should_scroll":false,
            "force_upper_case":false,
            "force_single_line":false
         }
      },
      {
         "name":"display_rm_tm_sp1900",
         "stage":"INTERIOR",
         "mirror":false,
         "skip_rendering_if_too_far":false,
         "door_offset":"NONE",
         "render_condition":"DOORS_CLOSED",
         "positions":[
            [
               0.0,
               0.0
            ],
            [
               0.0,
               128.0
            ]
         ],
         "whitelisted_cars":"%1",
         "blacklisted_cars":"",
         "display":{
            "x_padding":0,
            "y_padding":0,
            "cjk_size_ratio":1.5,
            "type":"DESTINATION",
            "color_cjk":"1",
            "color":"1",
            "should_scroll":false,
            "force_upper_case":false,
            "force_single_line":false
         }
      },
      {
         "name":"display_rm_tm_sp1900",
         "stage":"INTERIOR",
         "mirror":false,
         "skip_rendering_if_too_far":false,
         "door_offset":"NONE",
         "render_condition":"DOORS_CLOSED",
         "positions":[
            [
               0.0,
               -128.0
            ],
            [
               0.0,
               -64.0
            ],
            [
               0.0,
               64.0
            ]
         ],
         "whitelisted_cars":"%1",
         "blacklisted_cars":"4",
         "display":{
            "x_padding":0,
            "y_padding":0,
            "cjk_size_ratio":1.5,
            "type":"DESTINATION",
            "color_cjk":"1",
            "color":"1",
            "should_scroll":false,
            "force_upper_case":false,
            "force_single_line":false
         }
      },
      {
         "name":"display_rm_tm_sp1900",
         "stage":"INTERIOR",
         "mirror":true,
         "skip_rendering_if_too_far":false,
         "door_offset":"NONE",
         "render_condition":"DOORS_CLOSED",
         "positions":[
            [
               0.0,
               0.0
            ],
            [
               0.0,
               128.0
            ]
         ],
         "whitelisted_cars":"%1",
         "blacklisted_cars":"",
         "display":{
            "x_padding":0,
            "y_padding":0,
            "cjk_size_ratio":1.5,
            "type":"DESTINATION",
            "color_cjk":"1",
            "color":"1",
            "should_scroll":false,
            "force_upper_case":false,
            "force_single_line":false
         }
      },
      {
         "name":"display_rm_tm_sp1900",
         "stage":"INTERIOR",
         "mirror":true,
         "skip_rendering_if_too_far":false,
         "door_offset":"NONE",
         "render_condition":"DOORS_CLOSED",
         "positions":[
            [
               0.0,
               -128.0
            ],
            [
               0.0,
               -64.0
            ],
            [
               0.0,
               64.0
            ]
         ],
         "whitelisted_cars":"%1",
         "blacklisted_cars":"4",
         "display":{
            "x_padding":0,
            "y_padding":0,
            "cjk_size_ratio":1.5,
            "type":"DESTINATION",
            "color_cjk":"1",
            "color":"1",
            "should_scroll":false,
            "force_upper_case":false,
            "force_single_line":false
         }
      },
      {
         "name":"display_rm_sp1900",
         "stage":"INTERIOR",
         "mirror":false,
         "skip_rendering_if_too_far":false,
         "door_offset":"NONE",
         "render_condition":"DOORS_CLOSED",
         "positions":[
            [
               0.0,
               0.0
            ],
            [
               0.0,
               128.0
            ]
         ],
         "whitelisted_cars":"%1",
         "blacklisted_cars":"",
         "display":{
            "x_padding":0,
            "y_padding":0,
            "cjk_size_ratio":0.0,
            "type":"NEXT_STATION_UK",
            "color_cjk":"FFFFFF",
            "color":"FFFFFF",
            "should_scroll":true,
            "force_upper_case":false,
            "force_single_line":true
         }
      },
      {
         "name":"display_rm_sp1900",
         "stage":"INTERIOR",
         "mirror":false,
         "skip_rendering_if_too_far":false,
         "door_offset":"NONE",
         "render_condition":"DOORS_CLOSED",
         "positions":[
            [
               0.0,
               -128.0
            ],
            [
               0.0,
               -64.0
            ],
            [
               0.0,
               64.0
            ]
         ],
         "whitelisted_cars":"%1",
         "blacklisted_cars":"4",
         "display":{
            "x_padding":0,
            "y_padding":0,
            "cjk_size_ratio":0,
            "type":"NEXT_STATION_UK",
            "color_cjk":"FFFFFF",
            "color":"FFFFFF",
            "should_scroll":true,
            "force_upper_case":false,
            "force_single_line":true
         }
      },
      {
         "name":"display_rm_sp1900",
         "stage":"INTERIOR",
         "mirror":true,
         "skip_rendering_if_too_far":false,
         "door_offset":"NONE",
         "render_condition":"DOORS_CLOSED",
         "positions":[
            [
               0.0,
               0.0
            ],
            [
               0.0,
               128.0
            ]
         ],
         "whitelisted_cars":"%1",
         "blacklisted_cars":"",
         "display":{
            "x_padding":0.0,
            "y_padding":0.0,
            "cjk_size_ratio":0.0,
            "type":"NEXT_STATION_UK",
            "color_cjk":"FFFFFF",
            "color":"FFFFFF",
            "should_scroll":true,
            "force_upper_case":false,
            "force_single_line":true
         }
      },
      {
         "name":"display_rm_sp1900",
         "stage":"INTERIOR",
         "mirror":true,
         "skip_rendering_if_too_far":false,
         "door_offset":"NONE",
         "render_condition":"DOORS_CLOSED",
         "positions":[
            [
               0.0,
               -128.0
            ],
            [
               0.0,
               -64.0
            ],
            [
               0.0,
               64.0
            ]
         ],
         "whitelisted_cars":"%1",
         "blacklisted_cars":"4",
         "display":{
            "x_padding":0,
            "y_padding":0,
            "cjk_size_ratio":0,
            "type":"NEXT_STATION_UK",
            "color_cjk":"FFFFFF",
            "color":"FFFFFF",
            "should_scroll":true,
            "force_upper_case":false,
            "force_single_line":true
         }
      },
      {
         "name":"route_map_station",
         "stage":"INTERIOR",
         "mirror":false,
         "skip_rendering_if_too_far":false,
         "door_offset":"NONE",
         "render_condition":"DOORS_OPEN",
         "positions":[
            [
               0.0,
               0.0
            ],
            [
               0.0,
               128.0
            ]
         ],
         "whitelisted_cars":"%1",
         "blacklisted_cars":""
      },
      {
         "name":"route_map_station",
         "stage":"INTERIOR",
         "mirror":false,
         "skip_rendering_if_too_far":false,
         "door_offset":"NONE",
         "render_condition":"DOORS_OPEN",
         "positions":[
            [
               0.0,
               -128.0
            ],
            [
               0.0,
               -64.0
            ],
            [
               0.0,
               64.0
            ]
         ],
         "whitelisted_cars":"%1",
         "blacklisted_cars":"4"
      },
      {
         "name":"route_map_station",
         "stage":"INTERIOR",
         "mirror":true,
         "skip_rendering_if_too_far":false,
         "door_offset":"NONE",
         "render_condition":"DOORS_OPEN",
         "positions":[
            [
               0.0,
               0.0
            ],
            [
               0.0,
               128.0
            ]
         ],
         "whitelisted_cars":"%1",
         "blacklisted_cars":""
      },
      {
         "name":"route_map_station",
         "stage":"INTERIOR",
         "mirror":true,
         "skip_rendering_if_too_far":false,
         "door_offset":"NONE",
         "render_condition":"DOORS_OPEN",
         "positions":[
            [
               0.0,
               -128.0
            ],
            [
               0.0,
               -64.0
            ],
            [
               0.0,
               64.0
            ]
         ],
         "whitelisted_cars":"%1",
         "blacklisted_cars":"4"
      },
      {
         "name":"display_station_sp1900",
         "stage":"INTERIOR",
         "mirror":false,
         "skip_rendering_if_too_far":false,
         "door_offset":"NONE",
         "render_condition":"DOORS_OPEN",
         "positions":[
            [
               0.0,
               0.0
            ],
            [
               0.0,
               128.0
            ]
         ],
         "whitelisted_cars":"%1",
         "blacklisted_cars":"",
         "display":{
            "x_padding":0,
            "y_padding":0,
            "cjk_size_ratio":0,
            "type":"NEXT_STATION_PLAIN",
            "color_cjk":"1",
            "color":"FF9900",
            "should_scroll":false,
            "force_upper_case":false,
            "force_single_line":true
         }
      },
      {
         "name":"display_station_sp1900",
         "stage":"INTERIOR",
         "mirror":false,
         "skip_rendering_if_too_far":false,
         "door_offset":"NONE",
         "render_condition":"DOORS_OPEN",
         "positions":[
            [
               0.0,
               -64.0
            ],
            [
               0.0,
               -128.0
            ],
            [
               0.0,
               64.0
            ]
         ],
         "whitelisted_cars":"%1",
         "blacklisted_cars":"4",
         "display":{
            "x_padding":0,
            "y_padding":0,
            "cjk_size_ratio":0,
            "type":"NEXT_STATION_PLAIN",
            "color_cjk":"1",
            "color":"FF9900",
            "should_scroll":false,
            "force_upper_case":false,
            "force_single_line":true
         }
      },
      {
         "name":"display_station_sp1900",
         "stage":"INTERIOR",
         "mirror":true,
         "skip_rendering_if_too_far":false,
         "door_offset":"NONE",
         "render_condition":"DOORS_OPEN",
         "positions":[
            [
               0.0,
               0.0
            ],
            [
               0.0,
               128.0
            ]
         ],
         "whitelisted_cars":"%1",
         "blacklisted_cars":"",
         "display":{
            "x_padding":0,
            "y_padding":0,
            "cjk_size_ratio":0,
            "type":"NEXT_STATION_PLAIN",
            "color_cjk":"1",
            "color":"FF9900",
            "should_scroll":false,
            "force_upper_case":false,
            "force_single_line":true
         }
      },
      {
         "name":"display_station_sp1900",
         "stage":"INTERIOR",
         "mirror":true,
         "skip_rendering_if_too_far":false,
         "door_offset":"NONE",
         "render_condition":"DOORS_OPEN",
         "positions":[
            [
               0.0,
               -128.0
            ],
            [
               0.0,
               -64.0
            ],
            [
               0.0,
               64.0
            ]
         ],
         "whitelisted_cars":"%1",
         "blacklisted_cars":"4",
         "display":{
            "x_padding":0,
            "y_padding":0,
            "cjk_size_ratio":0,
            "type":"NEXT_STATION_PLAIN",
            "color_cjk":"1",
            "color":"FF9900",
            "should_scroll":false,
            "force_upper_case":false,
            "force_single_line":true
         }
      },
      {
         "name":"roof_exterior",
         "stage":"EXTERIOR",
         "mirror":false,
         "skip_rendering_if_too_far":false,
         "door_offset":"NONE",
         "render_condition":"ALL",
         "positions":[
            [
               0.0,
               -128.0
            ]
         ],
         "whitelisted_cars":"%1",
         "blacklisted_cars":"4"
      },
      {
         "name":"roof_exterior",
         "stage":"EXTERIOR",
         "mirror":true,
         "skip_rendering_if_too_far":false,
         "door_offset":"NONE",
         "render_condition":"ALL",
         "positions":[
            [
               0.0,
               -128.0
            ]
         ],
         "whitelisted_cars":"%1",
         "blacklisted_cars":"4"
      },
      {
         "name":"roof_end_panto",
         "stage":"EXTERIOR",
         "mirror":false,
         "skip_rendering_if_too_far":false,
         "door_offset":"NONE",
         "render_condition":"ALL",
         "positions":[
            [
               0.0,
               -160.0
            ]
         ],
         "whitelisted_cars":"2,5",
         "blacklisted_cars":"%1"
      },
      {
         "name":"pantograph",
         "stage":"EXTERIOR",
         "mirror":true,
         "skip_rendering_if_too_far":false,
         "door_offset":"NONE",
         "render_condition":"ALL",
         "positions":[
            [
               0.0,
               192.0
            ]
         ],
         "whitelisted_cars":"-2",
         "blacklisted_cars":"%1"
      },
      {
         "name":"first_class_logo",
         "stage":"EXTERIOR",
         "mirror":false,
         "skip_rendering_if_too_far":false,
         "door_offset":"NONE",
         "render_condition":"ALL",
         "positions":[
            [
               0.0,
               32.0
            ],
            [
               0.0,
               -32.0
            ],
            [
               0.0,
               96.0
            ]
         ],
         "whitelisted_cars":"4",
         "blacklisted_cars":"%1"
      },
      {
         "name":"first_class_logo",
         "stage":"EXTERIOR",
         "mirror":true,
         "skip_rendering_if_too_far":false,
         "door_offset":"NONE",
         "render_condition":"ALL",
         "positions":[
            [
               0.0,
               32.0
            ],
            [
               0.0,
               -32.0
            ],
            [
               0.0,
               96.0
            ]
         ],
         "whitelisted_cars":"4",
         "blacklisted_cars":"%1"
      },
      {
         "name":"pantograph",
         "stage":"EXTERIOR",
         "mirror":false,
         "skip_rendering_if_too_far":false,
         "door_offset":"NONE",
         "render_condition":"ALL",
         "positions":[
            [
               0.0,
               -192.0
            ]
         ],
         "whitelisted_cars":"2,5",
         "blacklisted_cars":"%1"
      },
      {
         "name":"roof_end_panto",
         "stage":"EXTERIOR",
         "mirror":true,
         "skip_rendering_if_too_far":false,
         "door_offset":"NONE",
         "render_condition":"ALL",
         "positions":[
            [
               0.0,
               160.0
            ]
         ],
         "whitelisted_cars":"-2",
         "blacklisted_cars":"%1"
      },
      {
         "name":"destination_display",
         "stage":"EXTERIOR",
         "mirror":false,
         "skip_rendering_if_too_far":false,
         "door_offset":"NONE",
         "render_condition":"ALL",
         "positions":[
            [
               0.0,
               160.0
            ]
         ],
         "whitelisted_cars":"-1",
         "blacklisted_cars":"%1",
         "display":{
            "x_padding":0.0,
            "y_padding":0.05,
            "cjk_size_ratio":1.5,
            "type":"DESTINATION",
            "color_cjk":"FF9900",
            "color":"FF9900",
            "should_scroll":false,
            "force_upper_case":true,
            "force_single_line":false
         }
      },
      {
         "name":"destination_display",
         "stage":"EXTERIOR",
         "mirror":true,
         "skip_rendering_if_too_far":false,
         "door_offset":"NONE",
         "render_condition":"ALL",
         "positions":[
            [
               0.0,
               -160.0
            ]
         ],
         "whitelisted_cars":"1",
         "blacklisted_cars":"%1",
         "display":{
            "x_padding":0.0,
            "y_padding":0.05,
            "cjk_size_ratio":1.5,
            "type":"DESTINATION",
            "color_cjk":"FF9900",
            "color":"FF9900",
            "should_scroll":false,
            "force_upper_case":true,
            "force_single_line":false
         }
      },
      {
         "name":"roof_end_exterior",
         "stage":"EXTERIOR",
         "mirror":false,
         "skip_rendering_if_too_far":false,
         "door_offset":"NONE",
         "render_condition":"ALL",
         "positions":[
            [
               0.0,
               -128.0
            ]
         ],
         "whitelisted_cars":"2,5",
         "blacklisted_cars":"%1"
      },
      {
         "name":"roof_end_exterior",
         "stage":"EXTERIOR",
         "mirror":true,
         "skip_rendering_if_too_far":false,
         "door_offset":"NONE",
         "render_condition":"ALL",
         "positions":[
            [
               0.0,
               128.0
            ]
         ],
         "whitelisted_cars":"-2",
         "blacklisted_cars":"%1"
      },
      {
         "name":"end_exterior_temp",
         "stage":"EXTERIOR",
         "mirror":false,
         "skip_rendering_if_too_far":false,
         "door_offset":"NONE",
         "render_condition":"ALL",
         "positions":[
            [
               0.0,
               -128.0
            ],
            [
               0.0,
               -160.0
            ]
         ],
         "whitelisted_cars":"2,5",
         "blacklisted_cars":"%1"
      },
      {
         "name":"end_exterior_temp",
         "stage":"EXTERIOR",
         "mirror":true,
         "skip_rendering_if_too_far":false,
         "door_offset":"NONE",
         "render_condition":"ALL",
         "positions":[
            [
               0.0,
               128.0
            ],
            [
               0.0,
               160.0
            ]
         ],
         "whitelisted_cars":"-2",
         "blacklisted_cars":"%1"
      },
      {
         "name":"display_tv",
         "stage":"INTERIOR",
         "mirror":false,
         "skip_rendering_if_too_far":false,
         "door_offset":"NONE",
         "render_condition":"ALL",
         "positions":[
            [
               0.0,
               0.0
            ],
            [
               0.0,
               128.0
            ],
            [
               0.0,
               -128.0
            ]
         ],
         "whitelisted_cars":"%1",
         "blacklisted_cars":"",
         "display":{
            "x_padding":0.0,
            "y_padding":0.1,
            "cjk_size_ratio":0.5,
            "type":"NEXT_STATION_MTR",
            "color_cjk":"FF9900",
            "color":"FF9900",
            "should_scroll":false,
            "force_upper_case":false,
            "force_single_line":false
         }
      },
      {
         "name":"display_tv",
         "stage":"INTERIOR",
         "mirror":true,
         "skip_rendering_if_too_far":false,
         "door_offset":"NONE",
         "render_condition":"ALL",
         "positions":[
            [
               0.0,
               0.0
            ],
            [
               0.0,
               128.0
            ],
            [
               0.0,
               -128.0
            ]
         ],
         "whitelisted_cars":"%1",
         "blacklisted_cars":"",
         "display":{
            "x_padding":0,
            "y_padding":0.1,
            "cjk_size_ratio":0.5,
            "type":"NEXT_STATION_MTR",
            "color_cjk":"FF9900",
            "color":"FF9900",
            "should_scroll":false,
            "force_upper_case":false,
            "force_single_line":false
         }
      },
      {
         "name":"interior_display_cjk",
         "stage":"INTERIOR",
         "mirror":false,
         "skip_rendering_if_too_far":false,
         "door_offset":"NONE",
         "render_condition":"ALL",
         "positions":[
            [
               0.0,
               -160.0
            ]
         ],
         "whitelisted_cars":"%1",
         "blacklisted_cars":"1",
         "display":{
            "x_padding":0.05,
            "y_padding":0.05,
            "cjk_size_ratio":2.0,
            "type":"NEXT_STATION_MTR",
            "color_cjk":"1",
            "color":"8B9B9D",
            "should_scroll":false,
            "force_upper_case":false,
            "force_single_line":false
         }
      },
      {
         "name":"interior_display_cjk",
         "stage":"INTERIOR",
         "mirror":true,
         "skip_rendering_if_too_far":false,
         "door_offset":"NONE",
         "render_condition":"ALL",
         "positions":[
            [
               0.0,
               160.0
            ]
         ],
         "whitelisted_cars":"%1",
         "blacklisted_cars":"-1",
         "display":{
            "x_padding":0.05,
            "y_padding":0.05,
            "cjk_size_ratio":2.0,
            "type":"NEXT_STATION_MTR",
            "color_cjk":"1",
            "color":"8B9B9D",
            "should_scroll":false,
            "force_upper_case":false,
            "force_single_line":false
         }
      },
      {
         "name":"interior_display_eng",
         "stage":"INTERIOR",
         "mirror":false,
         "skip_rendering_if_too_far":false,
         "door_offset":"NONE",
         "render_condition":"ALL",
         "positions":[
            [
               0.0,
               -160.0
            ]
         ],
         "whitelisted_cars":"%1",
         "blacklisted_cars":"1",
         "display":{
            "x_padding":0.05,
            "y_padding":0.05,
            "cjk_size_ratio":-2.0,
            "type":"NEXT_STATION_MTR",
            "color_cjk":"849191",
            "color":"1",
            "should_scroll":false,
            "force_upper_case":false,
            "force_single_line":false
         }
      },
      {
         "name":"interior_display_eng",
         "stage":"INTERIOR",
         "mirror":true,
         "skip_rendering_if_too_far":false,
         "door_offset":"NONE",
         "render_condition":"ALL",
         "positions":[
            [
               0.0,
               160.0
            ]
         ],
         "whitelisted_cars":"%1",
         "blacklisted_cars":"-1",
         "display":{
            "x_padding":0.05,
            "y_padding":0.05,
            "cjk_size_ratio":-2.0,
            "type":"NEXT_STATION_MTR",
            "color_cjk":"849191",
            "color":"1",
            "should_scroll":false,
            "force_upper_case":false,
            "force_single_line":false
         }
      },
      {
         "name":"door_light_on",
         "stage":"LIGHTS",
         "mirror":false,
         "skip_rendering_if_too_far":false,
         "door_offset":"NONE",
         "render_condition":"DOOR_RIGHT_OPEN",
         "positions":[
            [
               0.0,
               0.0
            ]
         ],
         "whitelisted_cars":"%1",
         "blacklisted_cars":""
      },
      {
         "name":"door_light_on",
         "stage":"LIGHTS",
         "mirror":true,
         "skip_rendering_if_too_far":false,
         "door_offset":"NONE",
         "render_condition":"DOOR_LEFT_OPEN",
         "positions":[
            [
               0.0,
               0.0
            ]
         ],
         "whitelisted_cars":"%1",
         "blacklisted_cars":""
      },
      {
         "name":"door_light_off",
         "stage":"EXTERIOR",
         "mirror":false,
         "skip_rendering_if_too_far":false,
         "door_offset":"NONE",
         "render_condition":"DOOR_RIGHT_CLOSED",
         "positions":[
            [
               0.0,
               0.0
            ]
         ],
         "whitelisted_cars":"%1",
         "blacklisted_cars":""
      },
      {
         "name":"door_light_off",
         "stage":"EXTERIOR",
         "mirror":true,
         "skip_rendering_if_too_far":false,
         "door_offset":"NONE",
         "render_condition":"DOOR_LEFT_CLOSED",
         "positions":[
            [
               0.0,
               0.0
            ]
         ],
         "whitelisted_cars":"%1",
         "blacklisted_cars":""
      }
   ]
}