{
	"version": 1,
	"texSize": [
		4000.0,
		500.0
	],
	"slots": [
	{
		"name": "lcd_door_left",
		"texArea": [
			0,
			0,
			4000.0,
			500.0
		],
		"pos": [
			[[0.812, 2.108, -0.564], [0.874, 2.00, -0.564], [0.874, 2.00, 0.564], [0.812, 2.108, 0.564]]
		],
		"offsets": [[0, 0, -8], [0, 0, -4], [0, 0, 0], [0, 0, 4], [0, 0, 8]]
	},
	{
		"name": "lcd_door_right",
		"texArea": [
			0,
			0,
			4000.0,
			500.0
		],
		"pos": [
			[[-0.812, 2.108, 0.564], [-0.874, 2.00, 0.564], [-0.874, 2.00, -0.564], [-0.812, 2.108, -0.564]]
		],
		"offsets": [[0, 0, -8], [0, 0, -4], [0, 0, 0], [0, 0, 4], [0, 0, 8]]
	}
	]
}