{"transport_mode":"TRAIN","length":14,"width":2,"door_max":12,"parts":[{"name":"window","stage":"INTERIOR","mirror":false,"skip_rendering_if_too_far":false,"door_offset":"NONE","render_condition":"ALL","positions":[[0.0,40.0],[0.0,-40.0]],"whitelisted_cars":"","blacklisted_cars":""},{"name":"window","stage":"INTERIOR","mirror":true,"skip_rendering_if_too_far":false,"door_offset":"NONE","render_condition":"ALL","positions":[[0.0,40.0],[0.0,-40.0]],"whitelisted_cars":"","blacklisted_cars":""},{"name":"window_handrail","stage":"INTERIOR","mirror":false,"skip_rendering_if_too_far":true,"door_offset":"NONE","render_condition":"ALL","positions":[[0.0,40.0],[0.0,-40.0]],"whitelisted_cars":"","blacklisted_cars":""},{"name":"window_handrail","stage":"INTERIOR","mirror":true,"skip_rendering_if_too_far":false,"door_offset":"NONE","render_condition":"ALL","positions":[[0.0,40.0],[0.0,-40.0]],"whitelisted_cars":"","blacklisted_cars":""},{"name":"door","stage":"INTERIOR","mirror":false,"skip_rendering_if_too_far":false,"door_offset":"NONE","render_condition":"ALL","positions":[[0.0,80.0],[0.0,0.0],[0.0,-80.0]],"whitelisted_cars":"","blacklisted_cars":""},{"name":"door","stage":"INTERIOR","mirror":true,"skip_rendering_if_too_far":false,"door_offset":"NONE","render_condition":"ALL","positions":[[0.0,80.0],[0.0,0.0],[0.0,-80.0]],"whitelisted_cars":"","blacklisted_cars":""},{"name":"end","stage":"INTERIOR","mirror":false,"skip_rendering_if_too_far":false,"door_offset":"NONE","render_condition":"ALL","positions":[[0.0,-104.0]],"whitelisted_cars":"%1","blacklisted_cars":"1"},{"name":"end","stage":"INTERIOR","mirror":true,"skip_rendering_if_too_far":false,"door_offset":"NONE","render_condition":"ALL","positions":[[0.0,104.0]],"whitelisted_cars":"%1","blacklisted_cars":"-1"},{"name":"roof_window","stage":"INTERIOR","mirror":false,"skip_rendering_if_too_far":false,"door_offset":"NONE","render_condition":"ALL","positions":[[0.0,40.0],[0.0,-40.0]],"whitelisted_cars":"","blacklisted_cars":""},{"name":"roof_window","stage":"INTERIOR","mirror":true,"skip_rendering_if_too_far":false,"door_offset":"NONE","render_condition":"ALL","positions":[[0.0,40.0],[0.0,-40.0]],"whitelisted_cars":"","blacklisted_cars":""},{"name":"door_left","stage":"INTERIOR","mirror":false,"skip_rendering_if_too_far":false,"door_offset":"RIGHT_POSITIVE","render_condition":"ALL","positions":[[0.0,80.0],[0.0,0.0],[0.0,-80.0]],"whitelisted_cars":"","blacklisted_cars":""},{"name":"door_right","stage":"INTERIOR","mirror":false,"skip_rendering_if_too_far":false,"door_offset":"RIGHT_NEGATIVE","render_condition":"ALL","positions":[[0.0,80.0],[0.0,0.0],[0.0,-80.0]],"whitelisted_cars":"","blacklisted_cars":""},{"name":"door_left","stage":"INTERIOR","mirror":true,"skip_rendering_if_too_far":false,"door_offset":"LEFT_POSITIVE","render_condition":"ALL","positions":[[0.0,80.0],[0.0,0.0],[0.0,-80.0]],"whitelisted_cars":"","blacklisted_cars":""},{"name":"door_right","stage":"INTERIOR","mirror":true,"skip_rendering_if_too_far":false,"door_offset":"LEFT_NEGATIVE","render_condition":"ALL","positions":[[0.0,80.0],[0.0,0.0],[0.0,-80.0]],"whitelisted_cars":"","blacklisted_cars":""},{"name":"roof_door","stage":"INTERIOR","mirror":false,"skip_rendering_if_too_far":false,"door_offset":"NONE","render_condition":"ALL","positions":[[0.0,80.0],[0.0,0.0],[0.0,-80.0]],"whitelisted_cars":"","blacklisted_cars":""},{"name":"roof_door","stage":"INTERIOR","mirror":true,"skip_rendering_if_too_far":false,"door_offset":"NONE","render_condition":"ALL","positions":[[0.0,80.0],[0.0,0.0],[0.0,-80.0]],"whitelisted_cars":"","blacklisted_cars":""},{"name":"head","stage":"INTERIOR","mirror":false,"skip_rendering_if_too_far":false,"door_offset":"NONE","render_condition":"ALL","positions":[[0.0,-104.0]],"whitelisted_cars":"1","blacklisted_cars":"%1"},{"name":"head","stage":"INTERIOR","mirror":true,"skip_rendering_if_too_far":false,"door_offset":"NONE","render_condition":"ALL","positions":[[0.0,104.0]],"whitelisted_cars":"-1","blacklisted_cars":"%1"},{"name":"window_exterior","stage":"EXTERIOR","mirror":false,"skip_rendering_if_too_far":false,"door_offset":"NONE","render_condition":"ALL","positions":[[0.0,40.0],[0.0,-40.0]],"whitelisted_cars":"","blacklisted_cars":""},{"name":"window_exterior","stage":"EXTERIOR","mirror":true,"skip_rendering_if_too_far":false,"door_offset":"NONE","render_condition":"ALL","positions":[[0.0,40.0],[0.0,-40.0]],"whitelisted_cars":"","blacklisted_cars":""},{"name":"roof_exterior","stage":"EXTERIOR","mirror":false,"skip_rendering_if_too_far":false,"door_offset":"NONE","render_condition":"ALL","positions":[[0.0,40.0],[0.0,-40.0]],"whitelisted_cars":"","blacklisted_cars":""},{"name":"roof_exterior","stage":"EXTERIOR","mirror":true,"skip_rendering_if_too_far":false,"door_offset":"NONE","render_condition":"ALL","positions":[[0.0,40.0],[0.0,-40.0]],"whitelisted_cars":"","blacklisted_cars":""},{"name":"roof_exterior","stage":"EXTERIOR","mirror":false,"skip_rendering_if_too_far":false,"door_offset":"NONE","render_condition":"ALL","positions":[[0.0,80.0],[0.0,0.0],[0.0,-80.0]],"whitelisted_cars":"","blacklisted_cars":""},{"name":"roof_exterior","stage":"EXTERIOR","mirror":true,"skip_rendering_if_too_far":false,"door_offset":"NONE","render_condition":"ALL","positions":[[0.0,80.0],[0.0,0.0],[0.0,-80.0]],"whitelisted_cars":"","blacklisted_cars":""},{"name":"door_exterior","stage":"EXTERIOR","mirror":false,"skip_rendering_if_too_far":false,"door_offset":"NONE","render_condition":"ALL","positions":[[0.0,80.0],[0.0,0.0],[0.0,-80.0]],"whitelisted_cars":"","blacklisted_cars":""},{"name":"door_exterior","stage":"EXTERIOR","mirror":true,"skip_rendering_if_too_far":false,"door_offset":"NONE","render_condition":"ALL","positions":[[0.0,80.0],[0.0,0.0],[0.0,-80.0]],"whitelisted_cars":"","blacklisted_cars":""},{"name":"end_exterior","stage":"EXTERIOR","mirror":false,"skip_rendering_if_too_far":false,"door_offset":"NONE","render_condition":"ALL","positions":[[0.0,-104.0]],"whitelisted_cars":"%1","blacklisted_cars":"1"},{"name":"end_exterior","stage":"EXTERIOR","mirror":true,"skip_rendering_if_too_far":false,"door_offset":"NONE","render_condition":"ALL","positions":[[0.0,104.0]],"whitelisted_cars":"%1","blacklisted_cars":"-1"},{"name":"roof_end_exterior","stage":"EXTERIOR","mirror":false,"skip_rendering_if_too_far":false,"door_offset":"NONE","render_condition":"ALL","positions":[[0.0,-104.0]],"whitelisted_cars":"%1","blacklisted_cars":"1"},{"name":"roof_end_exterior","stage":"EXTERIOR","mirror":true,"skip_rendering_if_too_far":false,"door_offset":"NONE","render_condition":"ALL","positions":[[0.0,104.0]],"whitelisted_cars":"%1","blacklisted_cars":"-1"},{"name":"head_exterior","stage":"EXTERIOR","mirror":false,"skip_rendering_if_too_far":false,"door_offset":"NONE","render_condition":"ALL","positions":[[0.0,-104.0]],"whitelisted_cars":"1","blacklisted_cars":"%1"},{"name":"head_exterior","stage":"EXTERIOR","mirror":true,"skip_rendering_if_too_far":false,"door_offset":"NONE","render_condition":"ALL","positions":[[0.0,104.0]],"whitelisted_cars":"-1","blacklisted_cars":"%1"},{"name":"bogie","stage":"EXTERIOR","mirror":false,"skip_rendering_if_too_far":false,"door_offset":"NONE","render_condition":"ALL","positions":[[0.0,80.0]],"whitelisted_cars":"","blacklisted_cars":""},{"name":"bogie","stage":"EXTERIOR","mirror":false,"skip_rendering_if_too_far":false,"door_offset":"NONE","render_condition":"ALL","positions":[[0.0,-80.0]],"whitelisted_cars":"","blacklisted_cars":""},{"name":"bogie","stage":"EXTERIOR","mirror":true,"skip_rendering_if_too_far":false,"door_offset":"NONE","render_condition":"ALL","positions":[[0.0,80.0]],"whitelisted_cars":"","blacklisted_cars":""},{"name":"bogie","stage":"EXTERIOR","mirror":true,"skip_rendering_if_too_far":false,"door_offset":"NONE","render_condition":"ALL","positions":[[0.0,-80.0]],"whitelisted_cars":"","blacklisted_cars":""},{"name":"roof_end","stage":"INTERIOR","mirror":true,"skip_rendering_if_too_far":false,"door_offset":"NONE","render_condition":"ALL","positions":[[0.0,104.0]],"whitelisted_cars":"%1","blacklisted_cars":"-1"},{"name":"roof_end","stage":"INTERIOR","mirror":false,"skip_rendering_if_too_far":false,"door_offset":"NONE","render_condition":"ALL","positions":[[0.0,-104.0]],"whitelisted_cars":"%1","blacklisted_cars":"1"},{"name":"door_left_exterior","stage":"EXTERIOR","mirror":false,"skip_rendering_if_too_far":false,"door_offset":"RIGHT_POSITIVE","render_condition":"ALL","positions":[[0.0,80.0],[0.0,0.0],[0.0,-80.0]],"whitelisted_cars":"","blacklisted_cars":""},{"name":"door_right_exterior","stage":"EXTERIOR","mirror":false,"skip_rendering_if_too_far":false,"door_offset":"RIGHT_NEGATIVE","render_condition":"ALL","positions":[[0.0,80.0],[0.0,0.0],[0.0,-80.0]],"whitelisted_cars":"","blacklisted_cars":""},{"name":"door_left_exterior","stage":"EXTERIOR","mirror":true,"skip_rendering_if_too_far":false,"door_offset":"LEFT_POSITIVE","render_condition":"ALL","positions":[[0.0,80.0],[0.0,0.0],[0.0,-80.0]],"whitelisted_cars":"","blacklisted_cars":""},{"name":"door_right_exterior","stage":"EXTERIOR","mirror":true,"skip_rendering_if_too_far":false,"door_offset":"LEFT_NEGATIVE","render_condition":"ALL","positions":[[0.0,80.0],[0.0,0.0],[0.0,-80.0]],"whitelisted_cars":"","blacklisted_cars":""},{"name":"window_light","stage":"LIGHTS","mirror":false,"skip_rendering_if_too_far":false,"door_offset":"NONE","render_condition":"ALL","positions":[[0.0,40.0],[0.0,-40.0]],"whitelisted_cars":"","blacklisted_cars":""},{"name":"window_light","stage":"LIGHTS","mirror":true,"skip_rendering_if_too_far":false,"door_offset":"NONE","render_condition":"ALL","positions":[[0.0,40.0],[0.0,-40.0]],"whitelisted_cars":"","blacklisted_cars":""},{"name":"end_light","stage":"LIGHTS","mirror":false,"skip_rendering_if_too_far":false,"door_offset":"NONE","render_condition":"ALL","positions":[[0.0,-104.0]],"whitelisted_cars":"%1","blacklisted_cars":"1"},{"name":"end_light","stage":"LIGHTS","mirror":true,"skip_rendering_if_too_far":false,"door_offset":"NONE","render_condition":"ALL","positions":[[0.0,104.0]],"whitelisted_cars":"%1","blacklisted_cars":"-1"},{"name":"end_handrail","stage":"INTERIOR","mirror":false,"skip_rendering_if_too_far":false,"door_offset":"NONE","render_condition":"ALL","positions":[[0.0,-104.0]],"whitelisted_cars":"%1","blacklisted_cars":"1"},{"name":"end_handrail","stage":"INTERIOR","mirror":true,"skip_rendering_if_too_far":false,"door_offset":"NONE","render_condition":"ALL","positions":[[0.0,104.0]],"whitelisted_cars":"%1","blacklisted_cars":"-1"},{"name":"headlight","stage":"ALWAYS_ON_LIGHTS","mirror":false,"skip_rendering_if_too_far":false,"door_offset":"NONE","render_condition":"MOVING_FORWARDS","positions":[[0.0,-104.0]],"whitelisted_cars":"1","blacklisted_cars":"%1"},{"name":"headlight","stage":"ALWAYS_ON_LIGHTS","mirror":true,"skip_rendering_if_too_far":false,"door_offset":"NONE","render_condition":"MOVING_BACKWARDS","positions":[[0.0,104.0]],"whitelisted_cars":"-1","blacklisted_cars":"%1"},{"name":"taillight","stage":"ALWAYS_ON_LIGHTS","mirror":false,"skip_rendering_if_too_far":false,"door_offset":"NONE","render_condition":"MOVING_BACKWARDS","positions":[[0.0,-104.0]],"whitelisted_cars":"1","blacklisted_cars":"%1"},{"name":"taillight","stage":"ALWAYS_ON_LIGHTS","mirror":true,"skip_rendering_if_too_far":false,"door_offset":"NONE","render_condition":"MOVING_FORWARDS","positions":[[0.0,104.0]],"whitelisted_cars":"-1","blacklisted_cars":"%1"},{"name":"display_front_dist","stage":"EXTERIOR","mirror":false,"skip_rendering_if_too_far":false,"door_offset":"NONE","render_condition":"ALL","positions":[[0.0,-104.0]],"whitelisted_cars":"1","blacklisted_cars":"%1","display":{"x_padding":0.0,"y_padding":0.0,"cjk_size_ratio":1.0,"type":"DESTINATION","color_cjk":"FFFFFF","color":"FFFF00","should_scroll":false,"force_upper_case":true,"force_single_line":false}},{"name":"display_front_dist","stage":"EXTERIOR","mirror":true,"skip_rendering_if_too_far":false,"door_offset":"NONE","render_condition":"ALL","positions":[[0.0,104.0]],"whitelisted_cars":"-1","blacklisted_cars":"%1","display":{"x_padding":0,"y_padding":0,"cjk_size_ratio":1.0,"type":"DESTINATION","color_cjk":"FFFFFF","color":"FFFF00","should_scroll":false,"force_upper_case":true,"force_single_line":false}},{"name":"display_front_num","stage":"EXTERIOR","mirror":false,"skip_rendering_if_too_far":false,"door_offset":"NONE","render_condition":"ALL","positions":[[0.0,-104.0]],"whitelisted_cars":"1","blacklisted_cars":"%1","display":{"x_padding":0,"y_padding":0,"cjk_size_ratio":0.0,"type":"ROUTE_NUMBER","color_cjk":"FFFFFF","color":"FFFFFF","should_scroll":false,"force_upper_case":false,"force_single_line":false}},{"name":"display_front_num","stage":"EXTERIOR","mirror":true,"skip_rendering_if_too_far":false,"door_offset":"NONE","render_condition":"ALL","positions":[[0.0,104.0]],"whitelisted_cars":"-1","blacklisted_cars":"%1","display":{"x_padding":0.0,"y_padding":0.0,"cjk_size_ratio":0.0,"type":"ROUTE_NUMBER","color_cjk":"FFFFFF","color":"FFFFFF","should_scroll":false,"force_upper_case":false,"force_single_line":false}},{"name":"door_light_exterior_off","stage":"EXTERIOR","mirror":false,"skip_rendering_if_too_far":false,"door_offset":"RIGHT_NEGATIVE","render_condition":"DOOR_RIGHT_CLOSED","positions":[[0.0,80.0],[0.0,0.0],[0.0,-80.0]],"whitelisted_cars":"","blacklisted_cars":""},{"name":"door_light_exterior_off","stage":"EXTERIOR","mirror":true,"skip_rendering_if_too_far":false,"door_offset":"LEFT_NEGATIVE","render_condition":"DOOR_LEFT_CLOSED","positions":[[0.0,80.0],[0.0,0.0],[0.0,-80.0]],"whitelisted_cars":"","blacklisted_cars":""},{"name":"door_light_exterior_on","stage":"LIGHTS","mirror":false,"skip_rendering_if_too_far":false,"door_offset":"RIGHT_NEGATIVE","render_condition":"DOOR_RIGHT_OPEN","positions":[[0.0,80.0],[0.0,0.0],[0.0,-80.0]],"whitelisted_cars":"","blacklisted_cars":""},{"name":"door_light_exterior_on","stage":"LIGHTS","mirror":true,"skip_rendering_if_too_far":false,"door_offset":"LEFT_NEGATIVE","render_condition":"DOOR_LEFT_OPEN","positions":[[0.0,80.0],[0.0,0.0],[0.0,-80.0]],"whitelisted_cars":"","blacklisted_cars":""},{"name":"door_light_on","stage":"LIGHTS","mirror":false,"skip_rendering_if_too_far":false,"door_offset":"NONE","render_condition":"DOOR_RIGHT_OPEN","positions":[[0.0,80.0],[0.0,0.0],[0.0,-80.0]],"whitelisted_cars":"","blacklisted_cars":""},{"name":"door_light_on","stage":"LIGHTS","mirror":true,"skip_rendering_if_too_far":false,"door_offset":"NONE","render_condition":"DOOR_LEFT_OPEN","positions":[[0.0,80.0],[0.0,0.0],[0.0,-80.0]],"whitelisted_cars":"","blacklisted_cars":""},{"name":"door_light_off","stage":"INTERIOR","mirror":false,"skip_rendering_if_too_far":false,"door_offset":"NONE","render_condition":"DOOR_RIGHT_CLOSED","positions":[[0.0,80.0],[0.0,0.0],[0.0,-80.0]],"whitelisted_cars":"","blacklisted_cars":""},{"name":"door_light_off","stage":"INTERIOR","mirror":true,"skip_rendering_if_too_far":false,"door_offset":"NONE","render_condition":"DOOR_LEFT_CLOSED","positions":[[0.0,80.0],[0.0,0.0],[0.0,-80.0]],"whitelisted_cars":"","blacklisted_cars":""},{"name":"roof_door_light","stage":"LIGHTS","mirror":false,"skip_rendering_if_too_far":false,"door_offset":"NONE","render_condition":"ALL","positions":[[0.0,80.0],[0.0,0.0],[0.0,-80.0]],"whitelisted_cars":"","blacklisted_cars":""},{"name":"roof_door_light","stage":"LIGHTS","mirror":true,"skip_rendering_if_too_far":false,"door_offset":"NONE","render_condition":"ALL","positions":[[0.0,80.0],[0.0,0.0],[0.0,-80.0]],"whitelisted_cars":"","blacklisted_cars":""},{"name":"side_panel","stage":"INTERIOR_TRANSLUCENT","mirror":false,"skip_rendering_if_too_far":false,"door_offset":"NONE","render_condition":"ALL","positions":[[0.0,40.0],[0.0,-40.0]],"whitelisted_cars":"","blacklisted_cars":""},{"name":"side_panel","stage":"INTERIOR_TRANSLUCENT","mirror":true,"skip_rendering_if_too_far":false,"door_offset":"NONE","render_condition":"ALL","positions":[[0.0,40.0],[0.0,-40.0]],"whitelisted_cars":"","blacklisted_cars":""},{"name":"roof_head_light","stage":"LIGHTS","mirror":false,"skip_rendering_if_too_far":false,"door_offset":"NONE","render_condition":"ALL","positions":[[0.0,-104.0]],"whitelisted_cars":"1","blacklisted_cars":"%1"},{"name":"roof_head_light","stage":"LIGHTS","mirror":true,"skip_rendering_if_too_far":false,"door_offset":"NONE","render_condition":"ALL","positions":[[0.0,104.0]],"whitelisted_cars":"-1","blacklisted_cars":"%1"},{"name":"lcd","stage":"INTERIOR","mirror":false,"skip_rendering_if_too_far":false,"door_offset":"NONE","render_condition":"ALL","positions":[[0.0,40.0],[0.0,-40.0]],"whitelisted_cars":"","blacklisted_cars":""},{"name":"lcd_display","stage":"INTERIOR","mirror":false,"skip_rendering_if_too_far":false,"door_offset":"NONE","render_condition":"ALL","positions":[[0.0,40.0],[0.0,-40.0]],"whitelisted_cars":"","blacklisted_cars":"","display":{"x_padding":0.0,"y_padding":0.05,"cjk_size_ratio":0.0,"type":"NEXT_STATION_UK","color_cjk":"FFFFFF","color":"FFFFFF","should_scroll":true,"force_upper_case":false,"force_single_line":true}},{"name":"lcd_next","stage":"INTERIOR","mirror":false,"skip_rendering_if_too_far":false,"door_offset":"NONE","render_condition":"ALL","positions":[[0.0,40.0],[0.0,-40.0]],"whitelisted_cars":"","blacklisted_cars":"","display":{"x_padding":0.0,"y_padding":0.0,"cjk_size_ratio":1.0,"type":"NEXT_STATION_PLAIN","color_cjk":"1","color":"1","should_scroll":false,"force_upper_case":false,"force_single_line":false}},{"name":"lcd_dist","stage":"INTERIOR","mirror":false,"skip_rendering_if_too_far":false,"door_offset":"NONE","render_condition":"ALL","positions":[[0.0,40.0],[0.0,-40.0]],"whitelisted_cars":"","blacklisted_cars":"","display":{"x_padding":0,"y_padding":0.0,"cjk_size_ratio":1.0,"type":"DESTINATION","color_cjk":"1","color":"1","should_scroll":false,"force_upper_case":false,"force_single_line":false}},{"name":"led_end","stage":"INTERIOR","mirror":false,"skip_rendering_if_too_far":false,"door_offset":"NONE","render_condition":"DOORS_CLOSED","positions":[[0.0,-104.0]],"whitelisted_cars":"%1","blacklisted_cars":"1","display":{"x_padding":0.0,"y_padding":0.0,"cjk_size_ratio":0.0,"type":"NEXT_STATION_UK","color_cjk":"FF9900","color":"FF00","should_scroll":true,"force_upper_case":false,"force_single_line":true}},{"name":"led_end","stage":"INTERIOR","mirror":true,"skip_rendering_if_too_far":false,"door_offset":"NONE","render_condition":"DOORS_CLOSED","positions":[[0.0,104.0]],"whitelisted_cars":"%1","blacklisted_cars":"-1","display":{"x_padding":0,"y_padding":0,"cjk_size_ratio":0,"type":"NEXT_STATION_UK","color_cjk":"FF9900","color":"FF00","should_scroll":true,"force_upper_case":false,"force_single_line":true}},{"name":"led_end","stage":"INTERIOR","mirror":false,"skip_rendering_if_too_far":false,"door_offset":"NONE","render_condition":"DOORS_OPEN","positions":[[0.0,-104.0]],"whitelisted_cars":"%1","blacklisted_cars":"1","display":{"x_padding":0,"y_padding":0,"cjk_size_ratio":0,"type":"NEXT_STATION_KCR","color_cjk":"FF9900","color":"FF00","should_scroll":true,"force_upper_case":false,"force_single_line":true}},{"name":"led_end","stage":"INTERIOR","mirror":true,"skip_rendering_if_too_far":false,"door_offset":"NONE","render_condition":"DOORS_OPEN","positions":[[0.0,104.0]],"whitelisted_cars":"%1","blacklisted_cars":"-1","display":{"x_padding":0,"y_padding":0,"cjk_size_ratio":0,"type":"NEXT_STATION_KCR","color_cjk":"FF9900","color":"FF00","should_scroll":true,"force_upper_case":false,"force_single_line":true}},{"name":"led_head","stage":"INTERIOR","mirror":false,"skip_rendering_if_too_far":false,"door_offset":"NONE","render_condition":"DOORS_CLOSED","positions":[[0.0,-104.0]],"whitelisted_cars":"1","blacklisted_cars":"%1","display":{"x_padding":0,"y_padding":0,"cjk_size_ratio":0,"type":"NEXT_STATION_UK","color_cjk":"FF9900","color":"FF00","should_scroll":true,"force_upper_case":false,"force_single_line":true}},{"name":"led_head","stage":"INTERIOR","mirror":true,"skip_rendering_if_too_far":false,"door_offset":"NONE","render_condition":"DOORS_CLOSED","positions":[[0.0,104.0]],"whitelisted_cars":"-1","blacklisted_cars":"%1","display":{"x_padding":0,"y_padding":0,"cjk_size_ratio":0,"type":"NEXT_STATION_UK","color_cjk":"FF9900","color":"FF00","should_scroll":true,"force_upper_case":false,"force_single_line":true}},{"name":"led_head","stage":"INTERIOR","mirror":false,"skip_rendering_if_too_far":false,"door_offset":"NONE","render_condition":"DOORS_OPEN","positions":[[0.0,-104.0]],"whitelisted_cars":"1","blacklisted_cars":"%1","display":{"x_padding":0,"y_padding":0,"cjk_size_ratio":0,"type":"NEXT_STATION_KCR","color_cjk":"FF9900","color":"FF00","should_scroll":true,"force_upper_case":false,"force_single_line":true}},{"name":"led_head","stage":"INTERIOR","mirror":true,"skip_rendering_if_too_far":false,"door_offset":"NONE","render_condition":"DOORS_OPEN","positions":[[0.0,104.0]],"whitelisted_cars":"-1","blacklisted_cars":"%1","display":{"x_padding":0.0,"y_padding":0.0,"cjk_size_ratio":0.0,"type":"NEXT_STATION_KCR","color_cjk":"FF9900","color":"FF00","should_scroll":true,"force_upper_case":false,"force_single_line":true}},{"name":"cab","stage":"INTERIOR","mirror":false,"skip_rendering_if_too_far":false,"door_offset":"NONE","render_condition":"ALL","positions":[[0.0,-104.0]],"whitelisted_cars":"1","blacklisted_cars":"%1"},{"name":"cab","stage":"INTERIOR","mirror":true,"skip_rendering_if_too_far":false,"door_offset":"NONE","render_condition":"ALL","positions":[[0.0,104.0]],"whitelisted_cars":"-1","blacklisted_cars":"%1"},{"name":"black_glass","stage":"INTERIOR_TRANSLUCENT","mirror":false,"skip_rendering_if_too_far":false,"door_offset":"NONE","render_condition":"ALL","positions":[[0.0,-104.0]],"whitelisted_cars":"1","blacklisted_cars":"%1"},{"name":"black_glass","stage":"INTERIOR_TRANSLUCENT","mirror":true,"skip_rendering_if_too_far":false,"door_offset":"NONE","render_condition":"ALL","positions":[[0.0,104.0]],"whitelisted_cars":"-1","blacklisted_cars":"%1"}]}