{"transport_mode":"TRAIN","length":14,"width":2,"door_max":12,"parts":[{"name":"body_interior","stage":"INTERIOR","mirror":false,"skip_rendering_if_too_far":false,"door_offset":"NONE","render_condition":"ALL","positions":[[0.0,0.0]],"whitelisted_cars":"%2+1","blacklisted_cars":"%1"},{"name":"body_exterior","stage":"EXTERIOR","mirror":false,"skip_rendering_if_too_far":false,"door_offset":"NONE","render_condition":"ALL","positions":[[0.0,0.0]],"whitelisted_cars":"%2+1","blacklisted_cars":"%1"},{"name":"body_interior","stage":"INTERIOR","mirror":true,"skip_rendering_if_too_far":false,"door_offset":"NONE","render_condition":"ALL","positions":[[0.0,0.0]],"whitelisted_cars":"%2","blacklisted_cars":"%1"},{"name":"body_exterior","stage":"EXTERIOR","mirror":true,"skip_rendering_if_too_far":false,"door_offset":"NONE","render_condition":"ALL","positions":[[0.0,0.0]],"whitelisted_cars":"%2","blacklisted_cars":"%1"},{"name":"front","stage":"EXTERIOR","mirror":false,"skip_rendering_if_too_far":false,"door_offset":"NONE","render_condition":"ALL","positions":[[0.0,0.0]],"whitelisted_cars":"%2+1","blacklisted_cars":"%1"},{"name":"front","stage":"EXTERIOR","mirror":true,"skip_rendering_if_too_far":false,"door_offset":"NONE","render_condition":"ALL","positions":[[0.0,0.0]],"whitelisted_cars":"%2","blacklisted_cars":"%1"},{"name":"roof","stage":"INTERIOR","mirror":false,"skip_rendering_if_too_far":false,"door_offset":"NONE","render_condition":"ALL","positions":[[0.0,0.0]],"whitelisted_cars":"%2+1","blacklisted_cars":"%1"},{"name":"roof_light","stage":"LIGHTS","mirror":false,"skip_rendering_if_too_far":false,"door_offset":"NONE","render_condition":"ALL","positions":[[0.0,0.0]],"whitelisted_cars":"%2+1","blacklisted_cars":"%1"},{"name":"door_left","stage":"INTERIOR","mirror":false,"skip_rendering_if_too_far":false,"door_offset":"RIGHT_POSITIVE","render_condition":"ALL","positions":[[0.0,0.0]],"whitelisted_cars":"%2+1","blacklisted_cars":"%1"},{"name":"door_right","stage":"INTERIOR","mirror":false,"skip_rendering_if_too_far":false,"door_offset":"RIGHT_NEGATIVE","render_condition":"ALL","positions":[[0.0,0.0]],"whitelisted_cars":"%2+1","blacklisted_cars":"%1"},{"name":"door_left","stage":"INTERIOR","mirror":false,"skip_rendering_if_too_far":false,"door_offset":"RIGHT_POSITIVE","render_condition":"ALL","positions":[[0.0,-48.0]],"whitelisted_cars":"%2","blacklisted_cars":"%1"},{"name":"door_right","stage":"INTERIOR","mirror":false,"skip_rendering_if_too_far":false,"door_offset":"RIGHT_NEGATIVE","render_condition":"ALL","positions":[[0.0,-48.0]],"whitelisted_cars":"%2","blacklisted_cars":"%1"},{"name":"door_left","stage":"INTERIOR","mirror":true,"skip_rendering_if_too_far":false,"door_offset":"LEFT_POSITIVE","render_condition":"ALL","positions":[[0.0,48.0]],"whitelisted_cars":"%2+1","blacklisted_cars":"%1"},{"name":"door_right","stage":"INTERIOR","mirror":true,"skip_rendering_if_too_far":false,"door_offset":"LEFT_NEGATIVE","render_condition":"ALL","positions":[[0.0,48.0]],"whitelisted_cars":"%2+1","blacklisted_cars":"%1"},{"name":"door_left","stage":"INTERIOR","mirror":true,"skip_rendering_if_too_far":false,"door_offset":"LEFT_POSITIVE","render_condition":"ALL","positions":[[0.0,0.0]],"whitelisted_cars":"%2","blacklisted_cars":"%1"},{"name":"door_right","stage":"INTERIOR","mirror":true,"skip_rendering_if_too_far":false,"door_offset":"LEFT_NEGATIVE","render_condition":"ALL","positions":[[0.0,0.0]],"whitelisted_cars":"%2","blacklisted_cars":"%1"},{"name":"bogie","stage":"EXTERIOR","mirror":false,"skip_rendering_if_too_far":false,"door_offset":"NONE","render_condition":"ALL","positions":[[0.0,-48.0],[0.0,120.0]],"whitelisted_cars":"%2+1","blacklisted_cars":"%1"},{"name":"bogie","stage":"EXTERIOR","mirror":true,"skip_rendering_if_too_far":false,"door_offset":"NONE","render_condition":"ALL","positions":[[0.0,-48.0],[0.0,120.0]],"whitelisted_cars":"%2+1","blacklisted_cars":"%1"},{"name":"bogie","stage":"EXTERIOR","mirror":false,"skip_rendering_if_too_far":false,"door_offset":"NONE","render_condition":"ALL","positions":[[0.0,48.0]],"whitelisted_cars":"%2","blacklisted_cars":"%1"},{"name":"bogie","stage":"EXTERIOR","mirror":true,"skip_rendering_if_too_far":false,"door_offset":"NONE","render_condition":"ALL","positions":[[0.0,48.0]],"whitelisted_cars":"%2","blacklisted_cars":"%1"},{"name":"door_left_exterior","stage":"EXTERIOR","mirror":false,"skip_rendering_if_too_far":false,"door_offset":"RIGHT_POSITIVE","render_condition":"ALL","positions":[[0.0,0.0]],"whitelisted_cars":"%2+1","blacklisted_cars":"%1"},{"name":"door_right_exterior","stage":"EXTERIOR","mirror":false,"skip_rendering_if_too_far":false,"door_offset":"RIGHT_NEGATIVE","render_condition":"ALL","positions":[[0.0,0.0]],"whitelisted_cars":"%2+1","blacklisted_cars":"%1"},{"name":"door_left_exterior","stage":"EXTERIOR","mirror":false,"skip_rendering_if_too_far":false,"door_offset":"RIGHT_POSITIVE","render_condition":"ALL","positions":[[0.0,-48.0]],"whitelisted_cars":"%2","blacklisted_cars":"%1"},{"name":"door_right_exterior","stage":"EXTERIOR","mirror":false,"skip_rendering_if_too_far":false,"door_offset":"RIGHT_NEGATIVE","render_condition":"ALL","positions":[[0.0,-48.0]],"whitelisted_cars":"%2","blacklisted_cars":"%1"},{"name":"door_left_exterior","stage":"EXTERIOR","mirror":true,"skip_rendering_if_too_far":false,"door_offset":"LEFT_POSITIVE","render_condition":"ALL","positions":[[0.0,48.0]],"whitelisted_cars":"%2+1","blacklisted_cars":"%1"},{"name":"door_right_exterior","stage":"EXTERIOR","mirror":true,"skip_rendering_if_too_far":false,"door_offset":"LEFT_NEGATIVE","render_condition":"ALL","positions":[[0.0,48.0]],"whitelisted_cars":"%2+1","blacklisted_cars":"%1"},{"name":"door_left_exterior","stage":"EXTERIOR","mirror":true,"skip_rendering_if_too_far":false,"door_offset":"LEFT_POSITIVE","render_condition":"ALL","positions":[[0.0,0.0]],"whitelisted_cars":"%2","blacklisted_cars":"%1"},{"name":"door_right_exterior","stage":"EXTERIOR","mirror":true,"skip_rendering_if_too_far":false,"door_offset":"LEFT_NEGATIVE","render_condition":"ALL","positions":[[0.0,0.0]],"whitelisted_cars":"%2","blacklisted_cars":"%1"},{"name":"roof_light","stage":"LIGHTS","mirror":true,"skip_rendering_if_too_far":false,"door_offset":"NONE","render_condition":"ALL","positions":[[0.0,0.0]],"whitelisted_cars":"%2","blacklisted_cars":"%1"},{"name":"roof","stage":"INTERIOR","mirror":true,"skip_rendering_if_too_far":false,"door_offset":"NONE","render_condition":"ALL","positions":[[0.0,0.0]],"whitelisted_cars":"%2","blacklisted_cars":"%1"},{"name":"untenshi","stage":"EXTERIOR","mirror":false,"skip_rendering_if_too_far":false,"door_offset":"NONE","render_condition":"MOVING_FORWARDS","positions":[[0.0,0.0]],"whitelisted_cars":"1","blacklisted_cars":"%1"},{"name":"untenshi","stage":"EXTERIOR","mirror":true,"skip_rendering_if_too_far":false,"door_offset":"NONE","render_condition":"MOVING_BACKWARDS","positions":[[0.0,0.0]],"whitelisted_cars":"-1","blacklisted_cars":"%1"},{"name":"handrail","stage":"INTERIOR","mirror":false,"skip_rendering_if_too_far":true,"door_offset":"NONE","render_condition":"ALL","positions":[[0.0,0.0]],"whitelisted_cars":"%2+1","blacklisted_cars":"%1"},{"name":"handrail","stage":"INTERIOR","mirror":true,"skip_rendering_if_too_far":true,"door_offset":"NONE","render_condition":"ALL","positions":[[0.0,0.0]],"whitelisted_cars":"%2","blacklisted_cars":"%1"},{"name":"headlight","stage":"ALWAYS_ON_LIGHTS","mirror":false,"skip_rendering_if_too_far":false,"door_offset":"NONE","render_condition":"MOVING_FORWARDS","positions":[[0.0,0.0]],"whitelisted_cars":"1","blacklisted_cars":"%1"},{"name":"headlight","stage":"ALWAYS_ON_LIGHTS","mirror":true,"skip_rendering_if_too_far":false,"door_offset":"NONE","render_condition":"MOVING_BACKWARDS","positions":[[0.0,0.0]],"whitelisted_cars":"-1","blacklisted_cars":"%1"},{"name":"taillight","stage":"ALWAYS_ON_LIGHTS","mirror":false,"skip_rendering_if_too_far":false,"door_offset":"NONE","render_condition":"MOVING_BACKWARDS","positions":[[0.0,0.0]],"whitelisted_cars":"1","blacklisted_cars":"%1"},{"name":"taillight","stage":"ALWAYS_ON_LIGHTS","mirror":true,"skip_rendering_if_too_far":false,"door_offset":"NONE","render_condition":"MOVING_FORWARDS","positions":[[0.0,0.0]],"whitelisted_cars":"-1","blacklisted_cars":"%1"},{"name":"num_exterior","stage":"EXTERIOR","mirror":false,"skip_rendering_if_too_far":false,"door_offset":"NONE","render_condition":"ALL","positions":[[0.0,0.0]],"whitelisted_cars":"%2+1","blacklisted_cars":"%1","display":{"x_padding":0.0,"y_padding":0.05,"cjk_size_ratio":0.0,"type":"ROUTE_NUMBER","color_cjk":"FF9900","color":"FF9900","should_scroll":false,"force_upper_case":true,"force_single_line":false}},{"name":"num_exterior","stage":"EXTERIOR","mirror":true,"skip_rendering_if_too_far":false,"door_offset":"NONE","render_condition":"ALL","positions":[[0.0,0.0]],"whitelisted_cars":"%2","blacklisted_cars":"%1","display":{"x_padding":0,"y_padding":0.05,"cjk_size_ratio":0,"type":"ROUTE_NUMBER","color_cjk":"FF9900","color":"FF9900","should_scroll":false,"force_upper_case":true,"force_single_line":false}},{"name":"dist_exterior","stage":"EXTERIOR","mirror":false,"skip_rendering_if_too_far":false,"door_offset":"NONE","render_condition":"ALL","positions":[[0.0,0.0]],"whitelisted_cars":"%2+1","blacklisted_cars":"%1","display":{"x_padding":0,"y_padding":0.05,"cjk_size_ratio":1.5,"type":"DESTINATION","color_cjk":"FF9900","color":"FF9900","should_scroll":false,"force_upper_case":true,"force_single_line":false}},{"name":"dist_exterior","stage":"EXTERIOR","mirror":true,"skip_rendering_if_too_far":false,"door_offset":"NONE","render_condition":"ALL","positions":[[0.0,0.0]],"whitelisted_cars":"%2","blacklisted_cars":"%1","display":{"x_padding":0,"y_padding":0.05,"cjk_size_ratio":1.5,"type":"DESTINATION","color_cjk":"FF9900","color":"FF9900","should_scroll":false,"force_upper_case":true,"force_single_line":false}},{"name":"next_interior","stage":"INTERIOR","mirror":false,"skip_rendering_if_too_far":false,"door_offset":"NONE","render_condition":"ALL","positions":[[0.0,0.0]],"whitelisted_cars":"%2+1","blacklisted_cars":"%1","display":{"x_padding":0,"y_padding":0.0,"cjk_size_ratio":0.0,"type":"NEXT_STATION_MTR","color_cjk":"FF9900","color":"FF9900","should_scroll":true,"force_upper_case":false,"force_single_line":true}},{"name":"next_interior","stage":"INTERIOR","mirror":true,"skip_rendering_if_too_far":false,"door_offset":"NONE","render_condition":"ALL","positions":[[0.0,0.0]],"whitelisted_cars":"%2","blacklisted_cars":"%1","display":{"x_padding":0,"y_padding":0,"cjk_size_ratio":0,"type":"NEXT_STATION_MTR","color_cjk":"FF9900","color":"FF9900","should_scroll":true,"force_upper_case":false,"force_single_line":true}},{"name":"dist_interior","stage":"INTERIOR","mirror":false,"skip_rendering_if_too_far":false,"door_offset":"NONE","render_condition":"ALL","positions":[[0.0,0.0]],"whitelisted_cars":"%2+1","blacklisted_cars":"%1","display":{"x_padding":0,"y_padding":0,"cjk_size_ratio":0,"type":"DESTINATION","color_cjk":"FF9900","color":"FF00","should_scroll":true,"force_upper_case":false,"force_single_line":true}},{"name":"dist_interior","stage":"INTERIOR","mirror":true,"skip_rendering_if_too_far":false,"door_offset":"NONE","render_condition":"ALL","positions":[[0.0,0.0]],"whitelisted_cars":"%2","blacklisted_cars":"%1","display":{"x_padding":0,"y_padding":0,"cjk_size_ratio":0,"type":"DESTINATION","color_cjk":"FF9900","color":"FF00","should_scroll":true,"force_upper_case":false,"force_single_line":true}},{"name":"num_interior","stage":"INTERIOR","mirror":false,"skip_rendering_if_too_far":false,"door_offset":"NONE","render_condition":"ALL","positions":[[0.0,0.0]],"whitelisted_cars":"%2+1","blacklisted_cars":"%1","display":{"x_padding":0,"y_padding":0.0,"cjk_size_ratio":0,"type":"ROUTE_NUMBER","color_cjk":"FF0000","color":"FF0000","should_scroll":false,"force_upper_case":false,"force_single_line":true}},{"name":"num_interior","stage":"INTERIOR","mirror":true,"skip_rendering_if_too_far":false,"door_offset":"NONE","render_condition":"ALL","positions":[[0.0,0.0]],"whitelisted_cars":"%2","blacklisted_cars":"%1","display":{"x_padding":0,"y_padding":0,"cjk_size_ratio":0,"type":"ROUTE_NUMBER","color_cjk":"FF0000","color":"FF0000","should_scroll":false,"force_upper_case":false,"force_single_line":true}}]}