{"transport_mode":"TRAIN","length":14,"width":2,"door_max":12,"parts":[{"name":"1980_Innenwand","stage":"INTERIOR","mirror":false,"skip_rendering_if_too_far":false,"door_offset":"NONE","render_condition":"ALL","positions":[[0.0,0.0]],"whitelisted_cars":"","blacklisted_cars":"%2"},{"name":"1980_Fahrerkabine","stage":"EXTERIOR","mirror":false,"skip_rendering_if_too_far":false,"door_offset":"NONE","render_condition":"ALL","positions":[[0.0,0.0]],"whitelisted_cars":"","blacklisted_cars":"%2"},{"name":"1980_Aussenwand","stage":"EXTERIOR","mirror":false,"skip_rendering_if_too_far":false,"door_offset":"NONE","render_condition":"ALL","positions":[[0.0,0.0]],"whitelisted_cars":"","blacklisted_cars":"%2"},{"name":"1980_Innenwand","stage":"INTERIOR","mirror":true,"skip_rendering_if_too_far":false,"door_offset":"NONE","render_condition":"ALL","positions":[[0.0,0.0]],"whitelisted_cars":"","blacklisted_cars":"%2+1"},{"name":"1980_Fahrerkabine","stage":"EXTERIOR","mirror":true,"skip_rendering_if_too_far":false,"door_offset":"NONE","render_condition":"ALL","positions":[[0.0,0.0]],"whitelisted_cars":"","blacklisted_cars":"%2+1"},{"name":"1980_Aussenwand","stage":"EXTERIOR","mirror":true,"skip_rendering_if_too_far":false,"door_offset":"NONE","render_condition":"ALL","positions":[[0.0,0.0]],"whitelisted_cars":"","blacklisted_cars":"%2+1"},{"name":"1980_Schnauze","stage":"EXTERIOR","mirror":false,"skip_rendering_if_too_far":false,"door_offset":"NONE","render_condition":"ALL","positions":[[0.0,0.0]],"whitelisted_cars":"","blacklisted_cars":"%2"},{"name":"1980_Schnauze","stage":"EXTERIOR","mirror":true,"skip_rendering_if_too_far":false,"door_offset":"NONE","render_condition":"ALL","positions":[[0.0,0.0]],"whitelisted_cars":"","blacklisted_cars":"%2+1"},{"name":"1980_Frontlicht","stage":"LIGHTS","mirror":false,"skip_rendering_if_too_far":false,"door_offset":"NONE","render_condition":"MOVING_FORWARDS","positions":[[0.0,0.0]],"whitelisted_cars":"1","blacklisted_cars":"%2,%2+1"},{"name":"1980_Frontlicht","stage":"LIGHTS","mirror":true,"skip_rendering_if_too_far":false,"door_offset":"NONE","render_condition":"MOVING_BACKWARDS","positions":[[0.0,0.0]],"whitelisted_cars":"-1","blacklisted_cars":"%2,%2+1"},{"name":"1980_Ruecklicht","stage":"LIGHTS","mirror":false,"skip_rendering_if_too_far":false,"door_offset":"NONE","render_condition":"MOVING_BACKWARDS","positions":[[0.0,0.0]],"whitelisted_cars":"1","blacklisted_cars":"%2,%2+1"},{"name":"1980_Ruecklicht","stage":"LIGHTS","mirror":true,"skip_rendering_if_too_far":false,"door_offset":"NONE","render_condition":"MOVING_FORWARDS","positions":[[0.0,0.0]],"whitelisted_cars":"-1","blacklisted_cars":"%2,%2+1"},{"name":"1980_Tuer_A","stage":"EXTERIOR","mirror":false,"skip_rendering_if_too_far":false,"door_offset":"RIGHT_POSITIVE","render_condition":"ALL","positions":[[0.0,0.0],[0.0,80.0]],"whitelisted_cars":"","blacklisted_cars":"%2"},{"name":"1980_Tuer_B","stage":"EXTERIOR","mirror":false,"skip_rendering_if_too_far":false,"door_offset":"RIGHT_NEGATIVE","render_condition":"ALL","positions":[[0.0,0.0],[0.0,80.0]],"whitelisted_cars":"","blacklisted_cars":"%2"},{"name":"1980_Tuer_A","stage":"EXTERIOR","mirror":true,"skip_rendering_if_too_far":false,"door_offset":"LEFT_POSITIVE","render_condition":"ALL","positions":[[0.0,-32.0],[0.0,48.0]],"whitelisted_cars":"","blacklisted_cars":"%2"},{"name":"1980_Tuer_B","stage":"EXTERIOR","mirror":true,"skip_rendering_if_too_far":false,"door_offset":"LEFT_NEGATIVE","render_condition":"ALL","positions":[[0.0,-32.0],[0.0,48.0]],"whitelisted_cars":"","blacklisted_cars":"%2"},{"name":"1980_Tuer_A","stage":"EXTERIOR","mirror":true,"skip_rendering_if_too_far":false,"door_offset":"LEFT_POSITIVE","render_condition":"ALL","positions":[[0.0,0.0],[0.0,-80.0]],"whitelisted_cars":"","blacklisted_cars":"%2+1"},{"name":"1980_Tuer_B","stage":"EXTERIOR","mirror":true,"skip_rendering_if_too_far":false,"door_offset":"LEFT_NEGATIVE","render_condition":"ALL","positions":[[0.0,0.0],[0.0,-80.0]],"whitelisted_cars":"","blacklisted_cars":"%2+1"},{"name":"1980_Tuer_A","stage":"EXTERIOR","mirror":false,"skip_rendering_if_too_far":false,"door_offset":"RIGHT_POSITIVE","render_condition":"ALL","positions":[[0.0,32.0],[0.0,-48.0]],"whitelisted_cars":"","blacklisted_cars":"%2+1"},{"name":"1980_Tuer_B","stage":"EXTERIOR","mirror":false,"skip_rendering_if_too_far":false,"door_offset":"RIGHT_NEGATIVE","render_condition":"ALL","positions":[[0.0,-48.0],[0.0,32.0]],"whitelisted_cars":"","blacklisted_cars":"%2+1"},{"name":"1980_LinienanzeigeAussen","stage":"EXTERIOR","mirror":false,"skip_rendering_if_too_far":false,"door_offset":"NONE","render_condition":"ALL","positions":[[0.0,0.0]],"whitelisted_cars":"","blacklisted_cars":"%2","display":{"x_padding":0.0,"y_padding":0.0,"cjk_size_ratio":0.0,"type":"ROUTE_NUMBER","color_cjk":"2EED29","color":"2EED29","should_scroll":false,"force_upper_case":false,"force_single_line":false}},{"name":"1980_LinienanzeigeAussen","stage":"EXTERIOR","mirror":true,"skip_rendering_if_too_far":false,"door_offset":"NONE","render_condition":"ALL","positions":[[0.0,0.0]],"whitelisted_cars":"","blacklisted_cars":"%2+1","display":{"x_padding":0,"y_padding":0,"cjk_size_ratio":0,"type":"ROUTE_NUMBER","color_cjk":"2EED29","color":"2EED29","should_scroll":false,"force_upper_case":false,"force_single_line":false}},{"name":"1980_ZielanzeigeAussen","stage":"EXTERIOR","mirror":false,"skip_rendering_if_too_far":false,"door_offset":"NONE","render_condition":"ALL","positions":[[0.0,0.0]],"whitelisted_cars":"","blacklisted_cars":"%2","display":{"x_padding":0,"y_padding":0,"cjk_size_ratio":0,"type":"DESTINATION","color_cjk":"2EED29","color":"2EED29","should_scroll":false,"force_upper_case":false,"force_single_line":false}},{"name":"1980_ZielanzeigeAussen","stage":"EXTERIOR","mirror":true,"skip_rendering_if_too_far":false,"door_offset":"NONE","render_condition":"ALL","positions":[[0.0,0.0]],"whitelisted_cars":"","blacklisted_cars":"%2+1","display":{"x_padding":0,"y_padding":0,"cjk_size_ratio":0,"type":"DESTINATION","color_cjk":"2EED29","color":"2EED29","should_scroll":false,"force_upper_case":false,"force_single_line":false}},{"name":"1980_Tuer_A_Innen","stage":"INTERIOR","mirror":false,"skip_rendering_if_too_far":false,"door_offset":"RIGHT_POSITIVE","render_condition":"ALL","positions":[[0.0,0.0],[0.0,80.0]],"whitelisted_cars":"","blacklisted_cars":"%2"},{"name":"1980_Tuer_B_Innen","stage":"INTERIOR","mirror":false,"skip_rendering_if_too_far":false,"door_offset":"RIGHT_NEGATIVE","render_condition":"ALL","positions":[[0.0,0.0],[0.0,80.0]],"whitelisted_cars":"","blacklisted_cars":"%2"},{"name":"1980_Tuer_A_Innen","stage":"INTERIOR","mirror":true,"skip_rendering_if_too_far":false,"door_offset":"LEFT_POSITIVE","render_condition":"ALL","positions":[[0.0,-32.0],[0.0,48.0]],"whitelisted_cars":"","blacklisted_cars":"%2"},{"name":"1980_Tuer_B_Innen","stage":"INTERIOR","mirror":true,"skip_rendering_if_too_far":false,"door_offset":"LEFT_NEGATIVE","render_condition":"ALL","positions":[[0.0,-32.0],[0.0,48.0]],"whitelisted_cars":"","blacklisted_cars":"%2"},{"name":"1980_Tuer_A_Innen","stage":"INTERIOR","mirror":false,"skip_rendering_if_too_far":false,"door_offset":"RIGHT_POSITIVE","render_condition":"ALL","positions":[[0.0,32.0],[0.0,-48.0]],"whitelisted_cars":"","blacklisted_cars":"%2+1"},{"name":"1980_Tuer_B_Innen","stage":"INTERIOR","mirror":false,"skip_rendering_if_too_far":false,"door_offset":"RIGHT_NEGATIVE","render_condition":"ALL","positions":[[0.0,32.0],[0.0,-48.0]],"whitelisted_cars":"","blacklisted_cars":"%2+1"},{"name":"1980_Tuer_A_Innen","stage":"INTERIOR","mirror":true,"skip_rendering_if_too_far":false,"door_offset":"LEFT_POSITIVE","render_condition":"ALL","positions":[[0.0,0.0],[0.0,-80.0]],"whitelisted_cars":"","blacklisted_cars":"%2+1"},{"name":"1980_Tuer_B_Innen","stage":"INTERIOR","mirror":true,"skip_rendering_if_too_far":false,"door_offset":"LEFT_NEGATIVE","render_condition":"ALL","positions":[[0.0,0.0],[0.0,-80.0]],"whitelisted_cars":"","blacklisted_cars":"%2+1"},{"name":"1980_Doppelsitz","stage":"INTERIOR","mirror":false,"skip_rendering_if_too_far":true,"door_offset":"NONE","render_condition":"ALL","positions":[[0.0,0.0],[0.0,26.0],[0.0,80.0],[0.0,-80.0],[0.0,-54.0],[24.5,0.0],[24.5,26.0],[24.5,-80.0],[24.5,-54.0]],"whitelisted_cars":"","blacklisted_cars":"%2"},{"name":"1980_Doppelsitz","stage":"INTERIOR","mirror":true,"skip_rendering_if_too_far":true,"door_offset":"NONE","render_condition":"ALL","positions":[[0.0,0.0],[0.0,-26.0],[0.0,-80.0],[0.0,80.0],[0.0,54.0],[24.5,0.0],[24.5,-26.0],[24.5,80.0],[24.5,54.0]],"whitelisted_cars":"","blacklisted_cars":"%2+1"},{"name":"1980_Doppelsitz","stage":"INTERIOR","mirror":true,"skip_rendering_if_too_far":true,"door_offset":"NONE","render_condition":"ALL","positions":[[0.0,48.0],[0.0,22.0],[24.5,48.0],[24.5,22.0],[0.0,-58.0],[0.0,-32.0],[24.5,-58.0]],"whitelisted_cars":"","blacklisted_cars":"%2"},{"name":"1980_Doppelsitz","stage":"INTERIOR","mirror":false,"skip_rendering_if_too_far":true,"door_offset":"NONE","render_condition":"ALL","positions":[[0.0,-48.0],[0.0,-22.0],[24.5,-48.0],[24.5,-22.0],[0.0,58.0],[0.0,32.0],[24.5,58.0]],"whitelisted_cars":"","blacklisted_cars":"%2+1"},{"name":"1980_Einzelsitz","stage":"INTERIOR","mirror":false,"skip_rendering_if_too_far":true,"door_offset":"NONE","render_condition":"ALL","positions":[[0.0,32.0]],"whitelisted_cars":"","blacklisted_cars":"%2+1"},{"name":"1980_Einzelsitz","stage":"INTERIOR","mirror":true,"skip_rendering_if_too_far":true,"door_offset":"NONE","render_condition":"ALL","positions":[[0.0,-32.0]],"whitelisted_cars":"","blacklisted_cars":"%2"},{"name":"1980_Einzelsitz","stage":"INTERIOR","mirror":false,"skip_rendering_if_too_far":true,"door_offset":"NONE","render_condition":"ALL","positions":[[0.0,80.0]],"whitelisted_cars":"","blacklisted_cars":"%2"},{"name":"1980_Einzelsitz","stage":"INTERIOR","mirror":true,"skip_rendering_if_too_far":true,"door_offset":"NONE","render_condition":"ALL","positions":[[0.0,-80.0]],"whitelisted_cars":"","blacklisted_cars":"%2+1"},{"name":"1980_Sitzpodest_Doppel_A","stage":"INTERIOR","mirror":false,"skip_rendering_if_too_far":true,"door_offset":"NONE","render_condition":"ALL","positions":[[0.0,0.0],[0.0,26.0],[0.0,80.0],[0.0,-80.0],[0.0,-54.0],[26.0,0.0],[26.0,26.0],[26.0,-80.0],[26.0,-54.0]],"whitelisted_cars":"","blacklisted_cars":"%2"},{"name":"1980_Sitzpodest_Doppel_A","stage":"INTERIOR","mirror":true,"skip_rendering_if_too_far":true,"door_offset":"NONE","render_condition":"ALL","positions":[[0.0,0.0],[0.0,-26.0],[0.0,-80.0],[0.0,80.0],[0.0,54.0],[26.0,0.0],[26.0,-26.0],[26.0,80.0],[26.0,54.0]],"whitelisted_cars":"","blacklisted_cars":"%2+1"},{"name":"1980_Sitzpodest_Doppel_A","stage":"INTERIOR","mirror":true,"skip_rendering_if_too_far":true,"door_offset":"NONE","render_condition":"ALL","positions":[[0.0,48.0],[0.0,22.0],[26.0,48.0],[26.0,22.0],[0.0,-58.0],[0.0,-32.0],[26.0,-58.0]],"whitelisted_cars":"","blacklisted_cars":"%2"},{"name":"1980_Sitzpodest_Doppel_A","stage":"INTERIOR","mirror":false,"skip_rendering_if_too_far":true,"door_offset":"NONE","render_condition":"ALL","positions":[[0.0,-48.0],[0.0,-22.0],[26.0,-48.0],[26.0,-22.0],[0.0,58.0],[0.0,32.0],[26.0,58.0]],"whitelisted_cars":"","blacklisted_cars":"%2+1"},{"name":"1980_Sitzpodest_Einzel_A","stage":"INTERIOR","mirror":false,"skip_rendering_if_too_far":true,"door_offset":"NONE","render_condition":"ALL","positions":[[0.0,32.0]],"whitelisted_cars":"","blacklisted_cars":"%2+1"},{"name":"1980_Sitzpodest_Einzel_A","stage":"INTERIOR","mirror":true,"skip_rendering_if_too_far":true,"door_offset":"NONE","render_condition":"ALL","positions":[[0.0,-80.0]],"whitelisted_cars":"","blacklisted_cars":"%2+1"},{"name":"1980_Sitzpodest_Einzel_A","stage":"INTERIOR","mirror":false,"skip_rendering_if_too_far":true,"door_offset":"NONE","render_condition":"ALL","positions":[[0.0,80.0]],"whitelisted_cars":"","blacklisted_cars":"%2"},{"name":"1980_Sitzpodest_Einzel_A","stage":"INTERIOR","mirror":true,"skip_rendering_if_too_far":true,"door_offset":"NONE","render_condition":"ALL","positions":[[0.0,-32.0]],"whitelisted_cars":"","blacklisted_cars":"%2"},{"name":"1980_LinienAnzInnen","stage":"INTERIOR","mirror":false,"skip_rendering_if_too_far":false,"door_offset":"NONE","render_condition":"ALL","positions":[[0.0,0.0]],"whitelisted_cars":"","blacklisted_cars":"%2","display":{"x_padding":0,"y_padding":0,"cjk_size_ratio":0,"type":"ROUTE_NUMBER","color_cjk":"2EED29","color":"2EED29","should_scroll":false,"force_upper_case":false,"force_single_line":true}},{"name":"1980_ZielAnzInnen","stage":"INTERIOR","mirror":false,"skip_rendering_if_too_far":false,"door_offset":"NONE","render_condition":"ALL","positions":[[0.0,0.0]],"whitelisted_cars":"","blacklisted_cars":"%2","display":{"x_padding":0,"y_padding":0,"cjk_size_ratio":0,"type":"DESTINATION","color_cjk":"2EED29","color":"2EED29","should_scroll":false,"force_upper_case":false,"force_single_line":true}},{"name":"1980_HaltAnzInnen","stage":"INTERIOR","mirror":false,"skip_rendering_if_too_far":false,"door_offset":"NONE","render_condition":"ALL","positions":[[0.0,0.0]],"whitelisted_cars":"","blacklisted_cars":"%2","display":{"x_padding":0,"y_padding":0,"cjk_size_ratio":0,"type":"NEXT_STATION_PLAIN","color_cjk":"2EED29","color":"2EED29","should_scroll":false,"force_upper_case":false,"force_single_line":true}},{"name":"1980_LinienAnzInnen","stage":"INTERIOR","mirror":true,"skip_rendering_if_too_far":false,"door_offset":"NONE","render_condition":"ALL","positions":[[0.0,0.0]],"whitelisted_cars":"","blacklisted_cars":"%2+1","display":{"x_padding":0,"y_padding":0,"cjk_size_ratio":0,"type":"ROUTE_NUMBER","color_cjk":"2EED29","color":"2EED29","should_scroll":false,"force_upper_case":false,"force_single_line":true}},{"name":"1980_ZielAnzInnen","stage":"INTERIOR","mirror":true,"skip_rendering_if_too_far":false,"door_offset":"NONE","render_condition":"ALL","positions":[[0.0,0.0]],"whitelisted_cars":"","blacklisted_cars":"%2+1","display":{"x_padding":0.0,"y_padding":0.0,"cjk_size_ratio":0.0,"type":"DESTINATION","color_cjk":"2EED29","color":"2EED29","should_scroll":false,"force_upper_case":false,"force_single_line":true}},{"name":"1980_HaltAnzInnen","stage":"INTERIOR","mirror":true,"skip_rendering_if_too_far":false,"door_offset":"NONE","render_condition":"ALL","positions":[[0.0,0.0]],"whitelisted_cars":"","blacklisted_cars":"%2+1","display":{"x_padding":0,"y_padding":0,"cjk_size_ratio":0,"type":"NEXT_STATION_PLAIN","color_cjk":"2EED29","color":"2EED29","should_scroll":false,"force_upper_case":false,"force_single_line":true}},{"name":"1980_TuerwandLang","stage":"INTERIOR","mirror":false,"skip_rendering_if_too_far":true,"door_offset":"NONE","render_condition":"ALL","positions":[[0.0,0.0],[0.0,80.0],[0.0,53.0]],"whitelisted_cars":"","blacklisted_cars":"%2"},{"name":"1980_TuerwandLang","stage":"INTERIOR","mirror":true,"skip_rendering_if_too_far":true,"door_offset":"NONE","render_condition":"ALL","positions":[[0.0,0.0],[0.0,-80.0],[0.0,-53.0]],"whitelisted_cars":"","blacklisted_cars":"%2+1"},{"name":"1980_TuerwandLang","stage":"INTERIOR","mirror":true,"skip_rendering_if_too_far":true,"door_offset":"NONE","render_condition":"ALL","positions":[[0.0,-5.0],[0.0,-32.0],[0.0,48.0]],"whitelisted_cars":"","blacklisted_cars":"%2"},{"name":"1980_TuerwandLang","stage":"INTERIOR","mirror":false,"skip_rendering_if_too_far":true,"door_offset":"NONE","render_condition":"ALL","positions":[[0.0,5.0],[0.0,32.0],[0.0,-48.0]],"whitelisted_cars":"","blacklisted_cars":"%2+1"},{"name":"1980_TuerwandKurz","stage":"INTERIOR","mirror":false,"skip_rendering_if_too_far":true,"door_offset":"NONE","render_condition":"ALL","positions":[[0.0,80.0]],"whitelisted_cars":"","blacklisted_cars":"%2"},{"name":"1980_TuerwandKurz","stage":"INTERIOR","mirror":true,"skip_rendering_if_too_far":true,"door_offset":"NONE","render_condition":"ALL","positions":[[0.0,-32.0]],"whitelisted_cars":"","blacklisted_cars":"%2"},{"name":"1980_TuerwandKurz","stage":"INTERIOR","mirror":false,"skip_rendering_if_too_far":true,"door_offset":"NONE","render_condition":"ALL","positions":[[0.0,32.0]],"whitelisted_cars":"","blacklisted_cars":"%2+1"},{"name":"1980_TuerwandKurz","stage":"INTERIOR","mirror":true,"skip_rendering_if_too_far":true,"door_offset":"NONE","render_condition":"ALL","positions":[[0.0,-80.0]],"whitelisted_cars":"","blacklisted_cars":"%2+1"},{"name":"1980_Innenbeleuchtung","stage":"LIGHTS","mirror":false,"skip_rendering_if_too_far":false,"door_offset":"NONE","render_condition":"ALL","positions":[[0.0,0.0]],"whitelisted_cars":"","blacklisted_cars":"%2"},{"name":"1980_Innenbeleuchtung","stage":"LIGHTS","mirror":true,"skip_rendering_if_too_far":false,"door_offset":"NONE","render_condition":"ALL","positions":[[0.0,0.0]],"whitelisted_cars":"","blacklisted_cars":"%2+1"},{"name":"1980_Fuehrerstandinterior","stage":"EXTERIOR","mirror":false,"skip_rendering_if_too_far":true,"door_offset":"NONE","render_condition":"ALL","positions":[[0.0,0.0]],"whitelisted_cars":"","blacklisted_cars":"%2"},{"name":"1980_Fuehrerstandinterior","stage":"EXTERIOR","mirror":true,"skip_rendering_if_too_far":true,"door_offset":"NONE","render_condition":"ALL","positions":[[0.0,0.0]],"whitelisted_cars":"","blacklisted_cars":"%2+1"},{"name":"1975_Sitzbank","stage":"INTERIOR","mirror":true,"skip_rendering_if_too_far":true,"door_offset":"NONE","render_condition":"ALL","positions":[[0.0,102.0]],"whitelisted_cars":"","blacklisted_cars":"%2"},{"name":"1975_Sitzbank","stage":"INTERIOR","mirror":false,"skip_rendering_if_too_far":true,"door_offset":"NONE","render_condition":"ALL","positions":[[0.0,-102.0]],"whitelisted_cars":"","blacklisted_cars":"%2+1"}]}