{"transport_mode":"TRAIN","length":13,"width":2,"door_max":15,"parts":[{"name":"2014_Aussenwand","stage":"EXTERIOR","mirror":false,"skip_rendering_if_too_far":false,"door_offset":"NONE","render_condition":"ALL","positions":[[0,0]],"whitelisted_cars":"","blacklisted_cars":""},{"name":"2014_Fahrerkabine","stage":"EXTERIOR","mirror":false,"skip_rendering_if_too_far":false,"door_offset":"NONE","render_condition":"ALL","positions":[[0.0,0.0]],"whitelisted_cars":"1","blacklisted_cars":"%1"},{"name":"2014_Fahrerkabine","stage":"EXTERIOR","mirror":true,"skip_rendering_if_too_far":false,"door_offset":"NONE","render_condition":"ALL","positions":[[0.0,0.0]],"whitelisted_cars":"-1","blacklisted_cars":"%1"},{"name":"2014_Gelenk","stage":"EXTERIOR","mirror":false,"skip_rendering_if_too_far":false,"door_offset":"NONE","render_condition":"ALL","positions":[[0.0,0.0]],"whitelisted_cars":"","blacklisted_cars":"-1"},{"name":"2014_Gelenk","stage":"EXTERIOR","mirror":true,"skip_rendering_if_too_far":false,"door_offset":"NONE","render_condition":"ALL","positions":[[0.0,0.0]],"whitelisted_cars":"","blacklisted_cars":"1"},{"name":"2014_Frontlicht","stage":"ALWAYS_ON_LIGHTS","mirror":false,"skip_rendering_if_too_far":false,"door_offset":"NONE","render_condition":"MOVING_FORWARDS","positions":[[0.0,0.0]],"whitelisted_cars":"1","blacklisted_cars":"%1"},{"name":"2014_Frontlicht","stage":"ALWAYS_ON_LIGHTS","mirror":true,"skip_rendering_if_too_far":false,"door_offset":"NONE","render_condition":"MOVING_BACKWARDS","positions":[[0.0,0.0]],"whitelisted_cars":"-1","blacklisted_cars":"%1"},{"name":"2014_Ruecklicht","stage":"ALWAYS_ON_LIGHTS","mirror":false,"skip_rendering_if_too_far":false,"door_offset":"NONE","render_condition":"MOVING_BACKWARDS","positions":[[0.0,0.0]],"whitelisted_cars":"1","blacklisted_cars":"%1"},{"name":"2014_Ruecklicht","stage":"ALWAYS_ON_LIGHTS","mirror":true,"skip_rendering_if_too_far":false,"door_offset":"NONE","render_condition":"MOVING_FORWARDS","positions":[[0.0,0.0]],"whitelisted_cars":"-1","blacklisted_cars":"%1"},{"name":"2014_Tuer_A","stage":"EXTERIOR","mirror":false,"skip_rendering_if_too_far":false,"door_offset":"RIGHT_POSITIVE","render_condition":"ALL","positions":[[0.0,0.0]],"whitelisted_cars":"","blacklisted_cars":""},{"name":"2014_Tuer_B","stage":"EXTERIOR","mirror":false,"skip_rendering_if_too_far":false,"door_offset":"RIGHT_NEGATIVE","render_condition":"ALL","positions":[[0.0,0.0]],"whitelisted_cars":"","blacklisted_cars":""},{"name":"2014_Tuer_A","stage":"EXTERIOR","mirror":true,"skip_rendering_if_too_far":false,"door_offset":"LEFT_POSITIVE","render_condition":"ALL","positions":[[0.0,0.0]],"whitelisted_cars":"","blacklisted_cars":""},{"name":"2014_Tuer_B","stage":"EXTERIOR","mirror":true,"skip_rendering_if_too_far":false,"door_offset":"LEFT_NEGATIVE","render_condition":"ALL","positions":[[0.0,0.0]],"whitelisted_cars":"","blacklisted_cars":""},{"name":"SAnz_Linie","stage":"EXTERIOR","mirror":false,"skip_rendering_if_too_far":false,"door_offset":"NONE","render_condition":"ALL","positions":[[0.0,0.0]],"whitelisted_cars":"","blacklisted_cars":"","display":{"x_padding":0.0,"y_padding":0.0,"cjk_size_ratio":0.0,"type":"ROUTE_NUMBER","color_cjk":"DBDBDB","color":"DBDBDB","should_scroll":false,"force_upper_case":false,"force_single_line":false}},{"name":"SAnz_Ziel","stage":"EXTERIOR","mirror":false,"skip_rendering_if_too_far":false,"door_offset":"NONE","render_condition":"ALL","positions":[[0.0,0.0]],"whitelisted_cars":"","blacklisted_cars":"","display":{"x_padding":0,"y_padding":0,"cjk_size_ratio":0,"type":"DESTINATION","color_cjk":"DBDBDB","color":"DBDBDB","should_scroll":false,"force_upper_case":false,"force_single_line":false}},{"name":"FAnz_Ziel","stage":"EXTERIOR","mirror":false,"skip_rendering_if_too_far":false,"door_offset":"NONE","render_condition":"ALL","positions":[[0.0,0.0]],"whitelisted_cars":"1","blacklisted_cars":"%1","display":{"x_padding":0,"y_padding":0,"cjk_size_ratio":0,"type":"DESTINATION","color_cjk":"DBDBDB","color":"DBDBDB","should_scroll":false,"force_upper_case":false,"force_single_line":false}},{"name":"FAnz_Ziel","stage":"EXTERIOR","mirror":true,"skip_rendering_if_too_far":false,"door_offset":"NONE","render_condition":"ALL","positions":[[0.0,0.0]],"whitelisted_cars":"-1","blacklisted_cars":"%1","display":{"x_padding":0,"y_padding":0,"cjk_size_ratio":0,"type":"DESTINATION","color_cjk":"DBDBDB","color":"DBDBDB","should_scroll":false,"force_upper_case":false,"force_single_line":false}},{"name":"FAnz_Linie","stage":"EXTERIOR","mirror":false,"skip_rendering_if_too_far":false,"door_offset":"NONE","render_condition":"ALL","positions":[[0.0,0.0]],"whitelisted_cars":"1","blacklisted_cars":"%1","display":{"x_padding":0,"y_padding":0,"cjk_size_ratio":0,"type":"ROUTE_NUMBER","color_cjk":"DBDBDB","color":"DBDBDB","should_scroll":false,"force_upper_case":false,"force_single_line":false}},{"name":"FAnz_Linie","stage":"EXTERIOR","mirror":true,"skip_rendering_if_too_far":false,"door_offset":"NONE","render_condition":"ALL","positions":[[0.0,0.0]],"whitelisted_cars":"-1","blacklisted_cars":"%1","display":{"x_padding":0,"y_padding":0,"cjk_size_ratio":0,"type":"ROUTE_NUMBER","color_cjk":"DBDBDB","color":"DBDBDB","should_scroll":false,"force_upper_case":false,"force_single_line":false}},{"name":"LichtstreifenA","stage":"ALWAYS_ON_LIGHTS","mirror":false,"skip_rendering_if_too_far":false,"door_offset":"RIGHT_POSITIVE","render_condition":"DOOR_RIGHT_OPEN","positions":[[0.0,0.0]],"whitelisted_cars":"","blacklisted_cars":""},{"name":"LichtstreifenB","stage":"ALWAYS_ON_LIGHTS","mirror":false,"skip_rendering_if_too_far":false,"door_offset":"RIGHT_NEGATIVE","render_condition":"DOOR_RIGHT_OPEN","positions":[[0.0,0.0]],"whitelisted_cars":"","blacklisted_cars":""},{"name":"LichtstreifenA","stage":"ALWAYS_ON_LIGHTS","mirror":true,"skip_rendering_if_too_far":false,"door_offset":"LEFT_POSITIVE","render_condition":"DOOR_LEFT_OPEN","positions":[[0.0,0.0]],"whitelisted_cars":"","blacklisted_cars":""},{"name":"LichtstreifenB","stage":"ALWAYS_ON_LIGHTS","mirror":true,"skip_rendering_if_too_far":false,"door_offset":"LEFT_NEGATIVE","render_condition":"DOOR_LEFT_OPEN","positions":[[0.0,0.0]],"whitelisted_cars":"","blacklisted_cars":""},{"name":"Trittstufen","stage":"EXTERIOR","mirror":false,"skip_rendering_if_too_far":false,"door_offset":"NONE","render_condition":"DOOR_RIGHT_OPEN","positions":[[0.0,0.0]],"whitelisted_cars":"","blacklisted_cars":""},{"name":"Trittstufen","stage":"EXTERIOR","mirror":true,"skip_rendering_if_too_far":false,"door_offset":"NONE","render_condition":"DOOR_LEFT_OPEN","positions":[[0.0,0.0]],"whitelisted_cars":"","blacklisted_cars":""},{"name":"Gelenk_Innen","stage":"INTERIOR","mirror":false,"skip_rendering_if_too_far":false,"door_offset":"NONE","render_condition":"ALL","positions":[[0.0,0.0]],"whitelisted_cars":"","blacklisted_cars":"-1"},{"name":"Gelenk_Innen","stage":"INTERIOR","mirror":true,"skip_rendering_if_too_far":false,"door_offset":"NONE","render_condition":"ALL","positions":[[0.0,0.0]],"whitelisted_cars":"","blacklisted_cars":"1"},{"name":"Innenraum","stage":"INTERIOR","mirror":false,"skip_rendering_if_too_far":false,"door_offset":"NONE","render_condition":"ALL","positions":[[0.0,0.0]],"whitelisted_cars":"","blacklisted_cars":""},{"name":"Mehrzweckbereich","stage":"INTERIOR","mirror":false,"skip_rendering_if_too_far":false,"door_offset":"NONE","render_condition":"ALL","positions":[[0.0,0.0]],"whitelisted_cars":"1","blacklisted_cars":"%1"},{"name":"Mehrzweckbereich","stage":"INTERIOR","mirror":true,"skip_rendering_if_too_far":false,"door_offset":"NONE","render_condition":"ALL","positions":[[0.0,0.0]],"whitelisted_cars":"-1","blacklisted_cars":"%1"},{"name":"FF_Gelenk","stage":"ALWAYS_ON_LIGHTS","mirror":false,"skip_rendering_if_too_far":false,"door_offset":"NONE","render_condition":"ALL","positions":[[0.0,0.0]],"whitelisted_cars":"","blacklisted_cars":"-1"},{"name":"FF_Gelenk","stage":"ALWAYS_ON_LIGHTS","mirror":true,"skip_rendering_if_too_far":false,"door_offset":"NONE","render_condition":"ALL","positions":[[0.0,0.0]],"whitelisted_cars":"","blacklisted_cars":"1"},{"name":"FF_Fuehrerstand","stage":"ALWAYS_ON_LIGHTS","mirror":false,"skip_rendering_if_too_far":false,"door_offset":"NONE","render_condition":"ALL","positions":[[0.0,0.0]],"whitelisted_cars":"1","blacklisted_cars":"%1"},{"name":"FF_Fuehrerstand","stage":"ALWAYS_ON_LIGHTS","mirror":true,"skip_rendering_if_too_far":false,"door_offset":"NONE","render_condition":"ALL","positions":[[0.0,0.0]],"whitelisted_cars":"-1","blacklisted_cars":"%1"},{"name":"IAnzZielFront","stage":"INTERIOR","mirror":false,"skip_rendering_if_too_far":false,"door_offset":"NONE","render_condition":"ALL","positions":[[0.0,0.0]],"whitelisted_cars":"1","blacklisted_cars":"%1","display":{"x_padding":0.0,"y_padding":0.0,"cjk_size_ratio":0.0,"type":"DESTINATION","color_cjk":"DBDBDB","color":"DBDBDB","should_scroll":false,"force_upper_case":false,"force_single_line":true}},{"name":"IAnzHaltFront","stage":"INTERIOR","mirror":false,"skip_rendering_if_too_far":false,"door_offset":"NONE","render_condition":"ALL","positions":[[0.0,0.0]],"whitelisted_cars":"1","blacklisted_cars":"%1","display":{"x_padding":0,"y_padding":0,"cjk_size_ratio":0,"type":"NEXT_STATION_PLAIN","color_cjk":"757575","color":"757575","should_scroll":false,"force_upper_case":false,"force_single_line":false}},{"name":"IAnzLinieFront","stage":"INTERIOR","mirror":false,"skip_rendering_if_too_far":false,"door_offset":"NONE","render_condition":"ALL","positions":[[0.0,0.0]],"whitelisted_cars":"1","blacklisted_cars":"%1","display":{"x_padding":0,"y_padding":0,"cjk_size_ratio":0,"type":"ROUTE_NUMBER","color_cjk":"DBDBDB","color":"DBDBDB","should_scroll":false,"force_upper_case":false,"force_single_line":true}},{"name":"IAnzZielFront","stage":"INTERIOR","mirror":true,"skip_rendering_if_too_far":false,"door_offset":"NONE","render_condition":"ALL","positions":[[0.0,0.0]],"whitelisted_cars":"-1","blacklisted_cars":"%1","display":{"x_padding":0,"y_padding":0,"cjk_size_ratio":0,"type":"DESTINATION","color_cjk":"DBDBDB","color":"DBDBDB","should_scroll":false,"force_upper_case":false,"force_single_line":true}},{"name":"IAnzHaltFront","stage":"INTERIOR","mirror":true,"skip_rendering_if_too_far":false,"door_offset":"NONE","render_condition":"ALL","positions":[[0.0,0.0]],"whitelisted_cars":"-1","blacklisted_cars":"%1","display":{"x_padding":0,"y_padding":0,"cjk_size_ratio":0,"type":"NEXT_STATION_PLAIN","color_cjk":"757575","color":"757575","should_scroll":false,"force_upper_case":false,"force_single_line":false}},{"name":"IAnzLinieFront","stage":"INTERIOR","mirror":true,"skip_rendering_if_too_far":false,"door_offset":"NONE","render_condition":"ALL","positions":[[0.0,0.0]],"whitelisted_cars":"-1","blacklisted_cars":"%1","display":{"x_padding":0,"y_padding":0,"cjk_size_ratio":0,"type":"ROUTE_NUMBER","color_cjk":"DBDBDB","color":"DBDBDB","should_scroll":false,"force_upper_case":false,"force_single_line":true}},{"name":"IAnzHaltGelenk","stage":"INTERIOR","mirror":false,"skip_rendering_if_too_far":false,"door_offset":"NONE","render_condition":"ALL","positions":[[0.0,0.0]],"whitelisted_cars":"","blacklisted_cars":"-1","display":{"x_padding":0.0,"y_padding":0.0,"cjk_size_ratio":0.0,"type":"NEXT_STATION_PLAIN","color_cjk":"757575","color":"757575","should_scroll":false,"force_upper_case":false,"force_single_line":false}},{"name":"IAnzHaltGelenk","stage":"INTERIOR","mirror":true,"skip_rendering_if_too_far":false,"door_offset":"NONE","render_condition":"ALL","positions":[[0.0,0.0]],"whitelisted_cars":"","blacklisted_cars":"1","display":{"x_padding":0,"y_padding":0,"cjk_size_ratio":0,"type":"NEXT_STATION_PLAIN","color_cjk":"757575","color":"757575","should_scroll":false,"force_upper_case":false,"force_single_line":false}},{"name":"IAnzZielGelenk","stage":"INTERIOR","mirror":false,"skip_rendering_if_too_far":false,"door_offset":"NONE","render_condition":"ALL","positions":[[0.0,0.0]],"whitelisted_cars":"","blacklisted_cars":"-1","display":{"x_padding":0,"y_padding":0,"cjk_size_ratio":0,"type":"DESTINATION","color_cjk":"DBDBDB","color":"DBDBDB","should_scroll":false,"force_upper_case":false,"force_single_line":true}},{"name":"IAnzLinieGelenk","stage":"INTERIOR","mirror":false,"skip_rendering_if_too_far":false,"door_offset":"NONE","render_condition":"ALL","positions":[[0.0,0.0]],"whitelisted_cars":"","blacklisted_cars":"-1","display":{"x_padding":0,"y_padding":0,"cjk_size_ratio":0,"type":"ROUTE_NUMBER","color_cjk":"DBDBDB","color":"DBDBDB","should_scroll":false,"force_upper_case":false,"force_single_line":true}},{"name":"IAnzZielGelenk","stage":"INTERIOR","mirror":true,"skip_rendering_if_too_far":false,"door_offset":"NONE","render_condition":"ALL","positions":[[0.0,0.0]],"whitelisted_cars":"","blacklisted_cars":"1","display":{"x_padding":0,"y_padding":0,"cjk_size_ratio":0,"type":"DESTINATION","color_cjk":"DBDBDB","color":"DBDBDB","should_scroll":false,"force_upper_case":false,"force_single_line":true}},{"name":"IAnzLinieGelenk","stage":"INTERIOR","mirror":true,"skip_rendering_if_too_far":false,"door_offset":"NONE","render_condition":"ALL","positions":[[0.0,0.0]],"whitelisted_cars":"","blacklisted_cars":"1","display":{"x_padding":0,"y_padding":0,"cjk_size_ratio":0,"type":"ROUTE_NUMBER","color_cjk":"DBDBDB","color":"DBDBDB","should_scroll":false,"force_upper_case":false,"force_single_line":true}},{"name":"2014_Tuer_A_Innen","stage":"INTERIOR","mirror":false,"skip_rendering_if_too_far":false,"door_offset":"RIGHT_POSITIVE","render_condition":"ALL","positions":[[0.0,0.0]],"whitelisted_cars":"","blacklisted_cars":""},{"name":"2014_Tuer_B_Innen","stage":"INTERIOR","mirror":false,"skip_rendering_if_too_far":false,"door_offset":"RIGHT_NEGATIVE","render_condition":"ALL","positions":[[0.0,0.0]],"whitelisted_cars":"","blacklisted_cars":""},{"name":"2014_Tuer_A_Innen","stage":"INTERIOR","mirror":true,"skip_rendering_if_too_far":false,"door_offset":"LEFT_POSITIVE","render_condition":"ALL","positions":[[0.0,0.0]],"whitelisted_cars":"","blacklisted_cars":""},{"name":"2014_Tuer_B_Innen","stage":"INTERIOR","mirror":true,"skip_rendering_if_too_far":false,"door_offset":"LEFT_NEGATIVE","render_condition":"ALL","positions":[[0.0,0.0]],"whitelisted_cars":"","blacklisted_cars":""},{"name":"Einzelsitz","stage":"INTERIOR","mirror":false,"skip_rendering_if_too_far":true,"door_offset":"NONE","render_condition":"ALL","positions":[[0.0,0.0],[-30.5,0.0]],"whitelisted_cars":"","blacklisted_cars":"-1"},{"name":"Einzelsitz","stage":"INTERIOR","mirror":true,"skip_rendering_if_too_far":true,"door_offset":"NONE","render_condition":"ALL","positions":[[0.0,172.0],[-30.5,172.0]],"whitelisted_cars":"","blacklisted_cars":"-1"},{"name":"Einzelsitz","stage":"INTERIOR","mirror":true,"skip_rendering_if_too_far":true,"door_offset":"NONE","render_condition":"ALL","positions":[[0.0,0.0],[-30.5,0.0]],"whitelisted_cars":"","blacklisted_cars":"1"},{"name":"Einzelsitz","stage":"INTERIOR","mirror":false,"skip_rendering_if_too_far":true,"door_offset":"NONE","render_condition":"ALL","positions":[[0.0,-172.0],[-30.5,-172.0]],"whitelisted_cars":"","blacklisted_cars":"1"},{"name":"Doppelsitz","stage":"INTERIOR","mirror":false,"skip_rendering_if_too_far":true,"door_offset":"NONE","render_condition":"ALL","positions":[[0.0,0.0],[24.5,0.0],[24.5,26.0],[24.5,52.0],[0.0,52.0],[0.0,26.0]],"whitelisted_cars":"","blacklisted_cars":""},{"name":"Doppelsitz","stage":"INTERIOR","mirror":true,"skip_rendering_if_too_far":true,"door_offset":"NONE","render_condition":"ALL","positions":[[0.0,0.0],[24.5,0.0],[24.5,-26.0],[24.5,-52.0],[0.0,-52.0],[0.0,-26.0]],"whitelisted_cars":"","blacklisted_cars":""},{"name":"KlappsitzeFKWand","stage":"INTERIOR","mirror":false,"skip_rendering_if_too_far":true,"door_offset":"NONE","render_condition":"ALL","positions":[[0.0,0.0]],"whitelisted_cars":"1","blacklisted_cars":"%1"},{"name":"KlappsitzeFKWand","stage":"INTERIOR","mirror":true,"skip_rendering_if_too_far":true,"door_offset":"NONE","render_condition":"ALL","positions":[[0.0,0.0]],"whitelisted_cars":"-1","blacklisted_cars":"%1"},{"name":"Tuerinnenleuchte_Grn","stage":"ALWAYS_ON_LIGHTS","mirror":false,"skip_rendering_if_too_far":false,"door_offset":"NONE","render_condition":"DOOR_RIGHT_OPEN","positions":[[0.0,0.0]],"whitelisted_cars":"","blacklisted_cars":""},{"name":"Tuerinnenleuchte_Grn","stage":"ALWAYS_ON_LIGHTS","mirror":true,"skip_rendering_if_too_far":false,"door_offset":"NONE","render_condition":"DOOR_LEFT_OPEN","positions":[[0.0,0.0]],"whitelisted_cars":"","blacklisted_cars":""},{"name":"Innenbeleuchtung_Mitte","stage":"LIGHTS","mirror":false,"skip_rendering_if_too_far":false,"door_offset":"NONE","render_condition":"ALL","positions":[[0.0,0.0]],"whitelisted_cars":"","blacklisted_cars":""},{"name":"Innenbeleuchtung_Gelenk","stage":"LIGHTS","mirror":false,"skip_rendering_if_too_far":false,"door_offset":"NONE","render_condition":"ALL","positions":[[0.0,0.0]],"whitelisted_cars":"","blacklisted_cars":"-1"},{"name":"Innenbeleuchtung_Gelenk","stage":"LIGHTS","mirror":true,"skip_rendering_if_too_far":false,"door_offset":"NONE","render_condition":"ALL","positions":[[0.0,0.0]],"whitelisted_cars":"","blacklisted_cars":"1"},{"name":"Innenbeleuchtung_Tuer","stage":"ALWAYS_ON_LIGHTS","mirror":false,"skip_rendering_if_too_far":false,"door_offset":"NONE","render_condition":"ALL","positions":[[0.0,0.0]],"whitelisted_cars":"","blacklisted_cars":""},{"name":"Innenbeleuchtung_Mehrzweck","stage":"ALWAYS_ON_LIGHTS","mirror":false,"skip_rendering_if_too_far":false,"door_offset":"NONE","render_condition":"ALL","positions":[[0.0,0.0]],"whitelisted_cars":"1","blacklisted_cars":"%1"},{"name":"Innenbeleuchtung_Mehrzweck","stage":"ALWAYS_ON_LIGHTS","mirror":true,"skip_rendering_if_too_far":false,"door_offset":"NONE","render_condition":"ALL","positions":[[0.0,0.0]],"whitelisted_cars":"-1","blacklisted_cars":"%1"},{"name":"Tuerbereich_Mitte","stage":"INTERIOR","mirror":false,"skip_rendering_if_too_far":true,"door_offset":"NONE","render_condition":"ALL","positions":[[0.0,0.0]],"whitelisted_cars":"","blacklisted_cars":"-1"},{"name":"Tuerbereich_Mitte","stage":"INTERIOR","mirror":true,"skip_rendering_if_too_far":true,"door_offset":"NONE","render_condition":"ALL","positions":[[0.0,0.0]],"whitelisted_cars":"","blacklisted_cars":"1"},{"name":"Tuerbereich_Ende","stage":"INTERIOR","mirror":false,"skip_rendering_if_too_far":true,"door_offset":"NONE","render_condition":"ALL","positions":[[0.0,0.0]],"whitelisted_cars":"1","blacklisted_cars":"%1"},{"name":"Tuerbereich_Ende","stage":"INTERIOR","mirror":true,"skip_rendering_if_too_far":true,"door_offset":"NONE","render_condition":"ALL","positions":[[0.0,0.0]],"whitelisted_cars":"-1","blacklisted_cars":"%1"},{"name":"Haltestangen_Gelenk","stage":"INTERIOR","mirror":false,"skip_rendering_if_too_far":true,"door_offset":"NONE","render_condition":"ALL","positions":[[0.0,0.0]],"whitelisted_cars":"","blacklisted_cars":"-1"},{"name":"Haltestangen_Gelenk","stage":"INTERIOR","mirror":true,"skip_rendering_if_too_far":true,"door_offset":"NONE","render_condition":"ALL","positions":[[0.0,0.0]],"whitelisted_cars":"","blacklisted_cars":"1"},{"name":"Sitzhaltegriff","stage":"INTERIOR","mirror":false,"skip_rendering_if_too_far":true,"door_offset":"NONE","render_condition":"ALL","positions":[[0.0,0.0],[0.0,26.0],[14.5,0.0],[14.5,26.0]],"whitelisted_cars":"","blacklisted_cars":""},{"name":"Sitzgestell_Einzelsitz","stage":"INTERIOR","mirror":false,"skip_rendering_if_too_far":true,"door_offset":"NONE","render_condition":"ALL","positions":[[0.0,0.0]],"whitelisted_cars":"","blacklisted_cars":"-1"},{"name":"Sitzgestell_Einzelsitz","stage":"INTERIOR","mirror":true,"skip_rendering_if_too_far":true,"door_offset":"NONE","render_condition":"ALL","positions":[[0.0,0.0]],"whitelisted_cars":"","blacklisted_cars":"1"},{"name":"Sitzgestell_Doppelsitz","stage":"INTERIOR","mirror":false,"skip_rendering_if_too_far":true,"door_offset":"NONE","render_condition":"ALL","positions":[[0.0,0.0]],"whitelisted_cars":"","blacklisted_cars":""}]}