
{
	"cio": {
        "sounds":[
            {
                "name": "minecraft:cio",
                "pitch": 1,
                "attenuation_distance": 64
            }
        ]
    },
    "ckt": {
        "sounds":[
            {
                "name": "minecraft:ckt",
                "pitch": 1,
                "attenuation_distance": 64
            }
        ]
    },
    "dih": {
        "sounds":[
            {
                "name": "minecraft:dih",
                "pitch": 1,
                "attenuation_distance": 64
            }
        ]
    },
    "doorsonright": {
        "sounds":[
            {
                "name": "minecraft:doorsonright",
                "pitch": 1,
                "attenuation_distance": 64
            }
        ]
    },
    "heo": {
        "sounds":[
            {
                "name": "minecraft:heo",
                "pitch": 1,
                "attenuation_distance": 64
            }
        ]
    },
    "hik": {
        "sounds":[
            {
                "name": "minecraft:hik",
                "pitch": 1,
                "attenuation_distance": 64
            }
        ]
    },
    "mos": {
        "sounds":[
            {
                "name": "minecraft:mos",
                "pitch": 1,
                "attenuation_distance": 64
            }
        ]
    },
    "noeating": {
        "sounds":[
            {
                "name": "minecraft:noeating",
                "pitch": 1,
                "attenuation_distance": 64
            }
        ]
    },
    "standback_apg": {
        "sounds":[
            {
                "name": "minecraft:standback_apg",
                "pitch": 1,
                "attenuation_distance": 64
            }
        ]
    },
    "standback_apg_dgo": {
        "sounds":[
            {
                "name": "minecraft:standback_apg_dgo",
                "pitch": 1,
                "attenuation_distance": 64
            }
        ]
    },
    "standback_psd": {
        "sounds":[
            {
                "name": "minecraft:standback_psd",
                "pitch": 1,
                "attenuation_distance": 64
            }
        ]
    },
    "standback_psd_dgo": {
        "sounds":[
            {
                "name": "minecraft:standback_psd_dgo",
                "pitch": 1,
                "attenuation_distance": 64
            }
        ]
    },
    "stw": {
        "sounds":[
            {
                "name": "minecraft:stw",
                "pitch": 1,
                "attenuation_distance": 64
            }
        ]
    },
    "taw": {
        "sounds":[
            {
                "name": "minecraft:taw",
                "pitch": 1,
                "attenuation_distance": 64
            }
        ]
    },
    "tsh": {
        "sounds":[
            {
                "name": "minecraft:tsh",
                "pitch": 1,
                "attenuation_distance": 64
            }
        ]
    },
    "wks": {
        "sounds":[
            {
                "name": "minecraft:wks",
                "pitch": 1,
                "attenuation_distance": 64
            }
        ]
    },
    "shm": {
        "sounds":[
            {
                "name": "minecraft:shm",
                "pitch": 1,
                "attenuation_distance": 64
            }
        ]
    }
}
