
{
	"cio": {
        "sounds":[
            {
                "name": "minecraft:cio",
                "pitch": 1,
                "attenuation_distance": 64
            }
        ]
    },
    "ckt": {
        "sounds":[
            {
                "name": "minecraft:ckt",
                "pitch": 1,
                "attenuation_distance": 64
            }
        ]
    },
    "dih": {
        "sounds":[
            {
                "name": "minecraft:dih",
                "pitch": 1,
                "attenuation_distance": 64
            }
        ]
    },
    "doorsonright": {
        "sounds":[
            {
                "name": "minecraft:doorsonright",
                "pitch": 1,
                "attenuation_distance": 64
            }
        ]
    },
    "heo": {
        "sounds":[
            {
                "name": "minecraft:heo",
                "pitch": 1,
                "attenuation_distance": 64
            }
        ]
    },
    "hik": {
        "sounds":[
            {
                "name": "minecraft:hik",
                "pitch": 1,
                "attenuation_distance": 64
            }
        ]
    },
    "mos": {
        "sounds":[
            {
                "name": "minecraft:mos",
                "pitch": 1,
                "attenuation_distance": 64
            }
        ]
    },
    "noeating": {
        "sounds":[
            {
                "name": "minecraft:noeating",
                "pitch": 1,
                "attenuation_distance": 64
            }
        ]
    },
    "standback_apg": {
        "sounds":[
            {
                "name": "minecraft:standback_apg",
                "pitch": 1,
                "attenuation_distance": 64
            }
        ]
    },
    "standback_apg_dgo": {
        "sounds":[
            {
                "name": "minecraft:standback_apg_dgo",
                "pitch": 1,
                "attenuation_distance": 64
            }
        ]
    },
    "standback_psd": {
        "sounds":[
            {
                "name": "minecraft:standback_psd",
                "pitch": 1,
                "attenuation_distance": 64
            }
        ]
    },
    "standback_psd_dgo": {
        "sounds":[
            {
                "name": "minecraft:standback_psd_dgo",
                "pitch": 1,
                "attenuation_distance": 64
            }
        ]
    },
    "stw": {
        "sounds":[
            {
                "name": "minecraft:stw",
                "pitch": 1,
                "attenuation_distance": 64
            }
        ]
    },
    "taw": {
        "sounds":[
            {
                "name": "minecraft:taw",
                "pitch": 1,
                "attenuation_distance": 64
            }
        ]
    },
    "tsh": {
        "sounds":[
            {
                "name": "minecraft:tsh",
                "pitch": 1,
                "attenuation_distance": 64
            }
        ]
    },
    "wks": {
        "sounds":[
            {
                "name": "minecraft:wks",
                "pitch": 1,
                "attenuation_distance": 64
            }
        ]
    },
    "shm": {
        "sounds":[
            {
                "name": "minecraft:shm",
                "pitch": 1,
                "attenuation_distance": 64
            }
        ]
    },
	"soh": {
        "sounds":[
            {
                "name": "minecraft:soh",
                "pitch": 1,
                "attenuation_distance": 64
            }
        ]
    },
	"ocp": {
        "sounds":[
            {
                "name": "minecraft:ocp",
                "pitch": 1,
                "attenuation_distance": 64
            }
        ]
    },
	"let": {
        "sounds":[
            {
                "name": "minecraft:let",
                "pitch": 1,
                "attenuation_distance": 64
            }
        ]
    },
	"wch": {
        "sounds":[
            {
                "name": "minecraft:wch",
                "pitch": 1,
                "attenuation_distance": 64
            }
        ]
    },
	"ets": {
        "sounds":[
            {
                "name": "minecraft:ets",
                "pitch": 1,
                "attenuation_distance": 64
            }
        ]
    },
		"huh": {
        "sounds":[
            {
                "name": "minecraft:huh",
                "pitch": 1,
                "attenuation_distance": 64
            }
        ]
    },
		"huh-end": {
        "sounds":[
            {
                "name": "minecraft:huh-end",
                "pitch": 1,
                "attenuation_distance": 64
            }
        ]
    },
	"kow": {
        "sounds":[
            {
                "name": "minecraft:kow",
                "pitch": 1,
                "attenuation_distance": 64
            }
        ]
    },
	"ksr": {
        "sounds":[
            {
                "name": "minecraft:ksr",
                "pitch": 1,
                "attenuation_distance": 64
            }
        ]
    },
	"lop": {
        "sounds":[
            {
                "name": "minecraft:lop",
                "pitch": 1,
                "attenuation_distance": 64
            }
        ]
    },
	"mef": {
        "sounds":[
            {
                "name": "minecraft:mef",
                "pitch": 1,
                "attenuation_distance": 64
            }
        ]
    },
	"nac": {
        "sounds":[
            {
                "name": "minecraft:nac",
                "pitch": 1,
                "attenuation_distance": 64
            }
        ]
    },

	"nac": {
        "sounds":[
            {
                "name": "minecraft:nac-2004",
                "pitch": 1,
                "attenuation_distance": 64
            }
        ]
    },	
	"nac-2004": {
        "sounds":[
            {
                "name": "minecraft:nac-end",
                "pitch": 1,
                "attenuation_distance": 64
            }
        ]
    },
	"kcr_noeat": {
        "sounds":[
            {
                "name": "minecraft:nac-end",
                "pitch": 1,
                "attenuation_distance": 64
            }
        ]
    },
	"sih": {
        "sounds":[
            {
                "name": "minecraft:sih",
                "pitch": 1,
                "attenuation_distance": 64
            }
        ]
    },
	"standback_kcr": {
        "sounds":[
            {
                "name": "minecraft:standback_kcr",
                "pitch": 1,
                "attenuation_distance": 64
            }
        ]
    },
	"tsw": {
        "sounds":[
            {
                "name": "minecraft:tsw",
                "pitch": 1,
                "attenuation_distance": 64
            }
        ]
    },
	"tww": {
        "sounds":[
            {
                "name": "minecraft:tsw",
                "pitch": 1,
                "attenuation_distance": 64
            }
        ]
    },
	"yul": {
        "sounds":[
            {
                "name": "minecraft:yul",
                "pitch": 1,
                "attenuation_distance": 64
            }
        ]
    }
}
