{
	"custom_trains": {
		"sp2": {
			"name": "SP1900 (Custom Sound) (TML)",
			"description": "",
			"color": "666699",
			"base_train_type": "sp1900",
			"texture_id": "mtr:custom_directory/sp2.png",
			"bve_sound_base_id": "ii_bve_sp1900"
		},
		"sp3": {
			"name": "SP1900 (Custom Sound) (2)",
			"description": "",
			"color": "666699",
			"base_train_type": "sp1900",
			"texture_id": "mtr:custom_directory/sp2.png",
			"bve_sound_base_id": "ii_bve_sp1900"
		},
		"sp4": {
			"name": "SP1900 (Custom Sound) ",
			"description": "",
			"color": "666699",
			"base_train_type": "sp1900",
			"texture_id": "mtr:custom_directory/sp2.png",
			"bve_sound_base_id": "bve_sp1900"
		},
		"sp2_kcr": {
			"name": "KCR SP1900 (Custom Sound) ",
			"description": "THIS TRAIN IS MADE ONLY USED ON KCR LINES",
			"color": "666699",
			"base_train_type": "sp1900",
			"texture_id": "mtr:kcr/sp2_kcr.png",
			"bve_sound_base_id": "bve_sp1900",
			"model":"mtr:kcr/sp1900.bbmodel"
		},
		"KCR_mlr2": {
			"name": "MLR (Custom Sound) ",
			"description": "THIS TRAIN MUST ONLY BE USED ON KCR LINES",
			"color": "666699",
			"base_train_type": "mlr",
			"bve_sound_base_id": "bve_mlr",
			"model":"mtr:kcr/mlr.bbmodel"
		},
		"mlr2": {
			"name": "MLR (Custom Sound) ",
			"description": "",
			"color": "666699",
			"base_train_type": "mlr",
			"bve_sound_base_id": "bve_mlr"
			
		},
		"bvg_class_pink": {
			"name": "BVG-Baureihe H(BVG Crass H) (PINK VERSION)",
			"bve_sound_base_id": "bvg_class_h",
			"description": "",
			"wikipedia_article": "BVG_Class_H",
			"color": "ffff00",
			"gangway_connection_id": "mtr:bvg_class_h/bvg_class_h",
			"train_barrier_id": "",
			"door_animation_type": "PLUG_FAST",
			"render_door_overlay": false,
			"rider_offset": 0,
			"texture_id": "mtr:custom_directory/bvg_class_h_pink.png",
			"model": "mtr:bvg_class_h/bvg_class_h.bbmodel",
			"model_properties": "mtr:bvg_class_h/bvg_class_h.json",
			"door_close_sound_time": 1
		},
		"s43tec_lrt1980_orange": {
			"name": "S43-Tec LRT 1980 Orange",
			"description": "A fictional LRV from Germany, built in 1980. ORANGE",
			"wikipedia_article": "",
			"color": "62CF43",
			"gangway_connection_id": "mtr:s43tec_lrt1980/testtram",
			"train_barrier_id": "",
			"door_animation_type": "PLUG_FAST",
			"render_door_overlay": false,
			"rider_offset": 0,
			"texture_id": "mtr:custom_directory/s43tec_lrt1980_orange.png",
			"model": "mtr:s43tec_lrt1980/s43tec_lrt1980.bbmodel",
			"model_properties": "mtr:s43tec_lrt1980/s43tec_lrt1995.json",
			"bve_sound_base_id": "stadtbahn_1995"
		},
		"s43tec_lrt1980_light_pink": {
			"name": "S43-Tec MTR-Link LRT LRT 1995 Light Pink",
			"description": "A fictional LRV from Germany, built in 1995.",
			"wikipedia_article": "",
			"color": "62CF43",
			"gangway_connection_id": "mtr:s43tec_lrt1980/testtram",
			"train_barrier_id": "",
			"door_animation_type": "PLUG_FAST",
			"render_door_overlay": false,
			"rider_offset": 0,
			"texture_id": "mtr:custom_directory/s43tec_lrt1980_light_pink.png",
			"model": "mtr:s43tec_lrt1980/s43tec_lrt1980.bbmodel",
			"model_properties": "mtr:s43tec_lrt1980/s43tec_lrt1980.json",
			"bve_sound_base_id": "stadtbahn_1995"
		},
		"s43tec_lrt1980_blue": {
			"name": "S43-Tec MTR-Link LRT LRT 1995 Blue",
			"description": "A fictional LRV from Germany, built in 1995.",
			"wikipedia_article": "",
			"color": "62CF43",
			"gangway_connection_id": "mtr:s43tec_lrt1980/testtram",
			"train_barrier_id": "",
			"door_animation_type": "PLUG_FAST",
			"render_door_overlay": false,
			"rider_offset": 0,
			"texture_id": "mtr:custom_directory/s43tec_lrt1980_blue.png",
			"model": "mtr:s43tec_lrt1980/s43tec_lrt1980.bbmodel",
			"model_properties": "mtr:s43tec_lrt1980/s43tec_lrt1980.json",
			"bve_sound_base_id": "stadtbahn_1995"
		},
		"s43tec_lrt1980_green": {
			"name": "S43-Tec LRT 1980 Green",
			"description": "A fictional LRV from Germany, built in 1980. GREEN",
			"wikipedia_article": "",
			"color": "62CF43",
			"gangway_connection_id": "mtr:s43tec_lrt1980/testtram",
			"train_barrier_id": "",
			"door_animation_type": "PLUG_FAST",
			"render_door_overlay": false,
			"rider_offset": 0,
			"texture_id": "mtr:custom_directory/s43tec_lrt1980_green.png",
			"model": "mtr:s43tec_lrt1980/s43tec_lrt1980.bbmodel",
			"model_properties": "mtr:s43tec_lrt1980/s43tec_lrt1980.json",
			"bve_sound_base_id": "stadtbahn_1995"
		},
		"s43tec_lrt2024_pink": {
			"name": "S43-Tec LRT 2024 Pink",
			"description": "A fictional LRV from Germany, built in 2024. Serves as an alternative to the LRT 2020.",
			"wikipedia_article": "",
			"color": "62CF43",
			"gangway_connection_id": "mtr:s43tec_lrt2024/testtram",
			"train_barrier_id": "",
			"door_animation_type": "PLUG_FAST",
			"render_door_overlay": false,
			"rider_offset": 0,
			"texture_id": "mtr:custom_directory/s43tec_lrt2024_pink.png",
			"model": "mtr:s43tec_lrt2024/s43tec_lrt2024.bbmodel",
			"model_properties": "mtr:s43tec_lrt2024/s43tec_lrt2024.json",
			"bve_sound_base_id": "stadtbahn_2026"
		},
		"lrv_jp_1928": {
			"name": "LIGHTACE LRV 1928",
			"description": "A fictional LRV from Japan, built in 1928. Based on the Hankai Mo161 model.",
			"wikipedia_article": "",
			"color": "000088",
			"gangway_connection_id": "",
			"train_barrier_id": "",
			"has_gangway_connection": false,
			"door_animation_type": "R211",
			"render_door_overlay": false,
			"rider_offset": 0,
			"speed_sound_count": 93,
			"bve_sound_base_id": "stadtbahn_1975",
			"texture_id": "mtr:lightace_lrv/lrv_jp_1928/lrv_jp_1928.png",
			"model": "mtr:lightace_lrv/lrv_jp_1928/lrv_jp_1928.bbmodel",
			"model_properties": "mtr:lightace_lrv/lrv_jp_1928/lrv_jp_1928.json",
			"door_close_sound_time": 1
		},
		"lrv_de_1973d": {
			"name": "LIGHTACE LRV 1975D",
			"description": "A fictional LRV from German, built in 1995. Based on the Stadtbahnwagen B(Gen 3).",
			"wikipedia_article": "",
			"color": "000088",
			"gangway_connection_id": "mtr:lightace_lrv/toumei/toumei",
			"train_barrier_id": "",
			"has_gangway_connection": true,
			"door_animation_type": "PLUG_FAST",
			"render_door_overlay": false,
			"rider_offset": 0,
			"speed_sound_count": 48,
			"bve_sound_base_id": "stadtbahn_1995",
			"texture_id": "mtr:lightace_lrv/lrv_de_1973d/lrv_de_1973d.png",
			"model": "mtr:lightace_lrv/lrv_de_1973d/lrv_de_1973d.bbmodel",
			"model_properties": "mtr:lightace_lrv/lrv_de_1973d/lrv_de_1973d.json",
			"door_close_sound_time": 0.5
		},
		"lrv_us_1998": {
			"name": "LIGHTACE LRV 1998",
			"description": "A fictional LRV from US, built in 1998. Based on the Siemens P2000.",
			"wikipedia_article": "",
			"color": "000088",
			"gangway_connection_id": "mtr:lightace_lrv/toumei/toumei",
			"train_barrier_id": "",
			"has_gangway_connection": true,
			"door_animation_type": "PLUG_SLOW",
			"render_door_overlay": false,
			"rider_offset": 0,
			"speed_sound_count": 42,
			"bve_sound_base_id": "stadtbahn_2002",
			"texture_id": "mtr:lightace_lrv/lrv_us_1998/lrv_us_1998.png",
			"model": "mtr:lightace_lrv/lrv_us_1998/lrv_us_1998.bbmodel",
			"model_properties": "mtr:lightace_lrv/lrv_us_1998/lrv_us_1998.json",
			"door_close_sound_time": 1
		},
		"lrv_jp_1999": {
			"name": "LIGHTACE LRV 1999",
			"description": "A fictional LRV from Japan, built in 1999. Based on the Tokyu 300 Series.",
			"wikipedia_article": "",
			"color": "000088",
			"gangway_connection_id": "mtr:lightace_lrv/toumei/toumei",
			"train_barrier_id": "",
			"has_gangway_connection": true,
			"door_animation_type": "PLUG_FAST",
			"render_door_overlay": false,
			"rider_offset": 0,
			"speed_sound_count": 72,
			"bve_sound_base_id": "stadtbahn_2002",
			"texture_id": "mtr:lightace_lrv/lrv_jp_1999/lrv_jp_1999.png",
			"model": "mtr:lightace_lrv/lrv_jp_1999/lrv_jp_1999.bbmodel",
			"model_properties": "mtr:lightace_lrv/lrv_jp_1999/lrv_jp_1999.json",
			"door_close_sound_time": 0.5
		},
		"lrv_jp_1999_red": {
			"name": "LIGHTACE LRV 1999 RED",
			"description": "A fictional LRV from Japan, built in 1999. Based on the Tokyu 300 Series.",
			"wikipedia_article": "",
			"color": "000088",
			"gangway_connection_id": "mtr:lightace_lrv/toumei/toumei",
			"train_barrier_id": "",
			"has_gangway_connection": true,
			"door_animation_type": "PLUG_FAST",
			"render_door_overlay": false,
			"rider_offset": 0,
			"speed_sound_count": 72,
			"bve_sound_base_id": "stadtbahn_2002",
			"texture_id": "mtr:custom_directory/lrv_jp_1999_red.png",
			"model": "mtr:lightace_lrv/lrv_jp_1999/lrv_jp_1999.bbmodel",
			"model_properties": "mtr:lightace_lrv/lrv_jp_1999/lrv_jp_1999.json",
			"door_close_sound_time": 0.5
		},
		"lrv_jp_1999_yellow": {
			"name": "LIGHTACE LRV 1999 YELLOW",
			"description": "A fictional LRV from Japan, built in 1999. Based on the Tokyu 300 Series.",
			"wikipedia_article": "",
			"color": "000088",
			"gangway_connection_id": "mtr:lightace_lrv/toumei/toumei",
			"train_barrier_id": "",
			"has_gangway_connection": true,
			"door_animation_type": "PLUG_FAST",
			"render_door_overlay": false,
			"rider_offset": 0,
			"speed_sound_count": 72,
			"bve_sound_base_id": "stadtbahn_2002",
			"texture_id": "mtr:custom_directory/lrv_jp_1999_yellow.png",
			"model": "mtr:lightace_lrv/lrv_jp_1999/lrv_jp_1999.bbmodel",
			"model_properties": "mtr:lightace_lrv/lrv_jp_1999/lrv_jp_1999.json",
			"door_close_sound_time": 0.5
		},
		"lrv_jp_1999_green": {
			"name": "LIGHTACE LRV 1999 GREEN",
			"description": "A fictional LRV from Japan, built in 1999. Based on the Tokyu 300 Series.",
			"wikipedia_article": "",
			"color": "000088",
			"gangway_connection_id": "mtr:lightace_lrv/toumei/toumei",
			"train_barrier_id": "",
			"has_gangway_connection": true,
			"door_animation_type": "PLUG_FAST",
			"render_door_overlay": false,
			"rider_offset": 0,
			"speed_sound_count": 72,
			"bve_sound_base_id": "stadtbahn_2002",
			"texture_id": "mtr:custom_directory/lrv_jp_1999_green.png",
			"model": "mtr:lightace_lrv/lrv_jp_1999/lrv_jp_1999.bbmodel",
			"model_properties": "mtr:lightace_lrv/lrv_jp_1999/lrv_jp_1999.json",
			"door_close_sound_time": 0.5
		},
		"lrv_jp_1999_blue": {
			"name": "LIGHTACE LRV 1999 BLUE",
			"description": "A fictional LRV from Japan, built in 1999. Based on the Tokyu 300 Series.",
			"wikipedia_article": "",
			"color": "000088",
			"gangway_connection_id": "mtr:lightace_lrv/toumei/toumei",
			"train_barrier_id": "",
			"has_gangway_connection": true,
			"door_animation_type": "PLUG_FAST",
			"render_door_overlay": false,
			"rider_offset": 0,
			"speed_sound_count": 72,
			"bve_sound_base_id": "stadtbahn_2002",
			"texture_id": "mtr:custom_directory/lrv_jp_1999_blue.png",
			"model": "mtr:lightace_lrv/lrv_jp_1999/lrv_jp_1999.bbmodel",
			"model_properties": "mtr:lightace_lrv/lrv_jp_1999/lrv_jp_1999.json",
			"door_close_sound_time": 0.5
		},
		"lrv_jp_1999_teal": {
			"name": "LIGHTACE LRV 1999 TEAL",
			"description": "A fictional LRV from Japan, built in 1999. Based on the Tokyu 300 Series.",
			"wikipedia_article": "",
			"color": "000088",
			"gangway_connection_id": "mtr:lightace_lrv/toumei/toumei",
			"train_barrier_id": "",
			"has_gangway_connection": true,
			"door_animation_type": "PLUG_FAST",
			"render_door_overlay": false,
			"rider_offset": 0,
			"speed_sound_count": 72,
			"bve_sound_base_id": "stadtbahn_2002",
			"texture_id": "mtr:custom_directory/lrv_jp_1999_teal.png",
			"model": "mtr:lightace_lrv/lrv_jp_1999/lrv_jp_1999.bbmodel",
			"model_properties": "mtr:lightace_lrv/lrv_jp_1999/lrv_jp_1999.json",
			"door_close_sound_time": 0.5
		},
		"lrv_jp_1999_nyc_tealish": {
			"name": "LIGHTACE LRV 1999 TEAL-ish",
			"description": "A fictional LRV from Japan, built in 1999. Based on the Tokyu 300 Series.",
			"wikipedia_article": "",
			"color": "000088",
			"gangway_connection_id": "mtr:lightace_lrv/toumei/toumei",
			"train_barrier_id": "",
			"has_gangway_connection": true,
			"door_animation_type": "PLUG_FAST",
			"render_door_overlay": false,
			"rider_offset": 0,
			"speed_sound_count": 72,
			"bve_sound_base_id": "r160bve",
			"texture_id": "mtr:custom_directory/lrv_jp_1999_teal_door.png",
			"model": "mtr:lightace_lrv/lrv_jp_1999/lrv_jp_1999.bbmodel",
			"model_properties": "mtr:lightace_lrv/lrv_jp_1999/lrv_jp_1999.json",
			"door_close_sound_time": 0.5
		},


		"lrv_jp_1999t": {
			"name": "LIGHTACE LRV 1999T",
			"description": "A fictional LRV from Japan, built in 1999. Based on the Tokyu 300 Series.",
			"wikipedia_article": "",
			"color": "000088",
			"gangway_connection_id": "mtr:lightace_lrv/toumei/toumei",
			"train_barrier_id": "",
			"has_gangway_connection": true,
			"door_animation_type": "PLUG_FAST",
			"render_door_overlay": false,
			"rider_offset": 0,
			"speed_sound_count": 72,
			"bve_sound_base_id": "stadtbahn_2002",
			"texture_id": "mtr:lightace_lrv/lrv_jp_1999t/lrv_jp_1999t.png",
			"model": "mtr:lightace_lrv/lrv_jp_1999t/lrv_jp_1999t.bbmodel",
			"model_properties": "mtr:lightace_lrv/lrv_jp_1999t/lrv_jp_1999t.json",
			"door_close_sound_time": 0.5
		},
		"lrv_jp_2015": {
			"name": "LIGHTACE LRV 2015",
			"description": "A fictional LRV from Japan, built in 2015. Based on the Toden 8900.",
			"wikipedia_article": "",
			"color": "000088",
			"gangway_connection_id": "mtr:lightace_lrv/toumei/toumei",
			"train_barrier_id": "",
			"has_gangway_connection": true,
			"door_animation_type": "PLUG_FAST",
			"render_door_overlay": false,
			"rider_offset": 0,
			"speed_sound_count": 72,
			"bve_sound_base_id": "stadtbahn_2010`",
			"texture_id": "mtr:lightace_lrv/lrv_jp_2015/lrv_jp_2015.png",
			"model": "mtr:lightace_lrv/lrv_jp_2015/lrv_jp_2015.bbmodel",
			"model_properties": "mtr:lightace_lrv/lrv_jp_2015/lrv_jp_2015.json",
			"door_close_sound_time": 0.5
		},
		"lrv_jp_2015t": {
			"name": "LIGHTACE LRV 2015T",
			"description": "A fictional LRV from Japan, built in 2015. Based on the Toden 8900.",
			"wikipedia_article": "",
			"color": "000088",
			"gangway_connection_id": "mtr:lightace_lrv/toumei/toumei",
			"train_barrier_id": "",
			"has_gangway_connection": true,
			"door_animation_type": "PLUG_FAST",
			"render_door_overlay": false,
			"rider_offset": 0,
			"speed_sound_count": 72,
			"bve_sound_base_id": "stadtbahn_2010",
			"texture_id": "mtr:lightace_lrv/lrv_jp_2015t/lrv_jp_2015t.png",
			"model": "mtr:lightace_lrv/lrv_jp_2015t/lrv_jp_2015t.bbmodel",
			"model_properties": "mtr:lightace_lrv/lrv_jp_2015t/lrv_jp_2015t.json",
			"door_close_sound_time": 0.5
		},
		"s43tec_lrt1975": {
			"name": "S43-Tec LRT 1975",
			"description": "A fictional LRV from Germany, built in 1975.",
			"wikipedia_article": "",
			"color": "62CF43",
			"train_barrier_id": "",
			"door_animation_type": "PLUG_FAST",
			"render_door_overlay": false,
			"rider_offset": 0,
			"texture_id": "mtr:s43tec_lrt1975/s43tec_lrt1975",
			"model": "mtr:s43tec_lrt1975/s43tec_lrt1975.bbmodel",
			"model_properties": "mtr:s43tec_lrt1975/s43tec_lrt1975.json",
			"has_gangway_connection": false,
			"bve_sound_base_id": "stadtbahn_1975"
		},
		"s43tec_lrt1980": {
			"name": "S43-Tec LRT 1980",
			"description": "A fictional LRV from Germany, built in 1980.",
			"wikipedia_article": "",
			"color": "62CF43",
			"gangway_connection_id": "mtr:s43tec_lrt1980/testtram",
			"train_barrier_id": "",
			"door_animation_type": "PLUG_FAST",
			"render_door_overlay": false,
			"rider_offset": 0,
			"texture_id": "mtr:s43tec_lrt1980/s43tec_lrt1980",
			"model": "mtr:s43tec_lrt1980/s43tec_lrt1980.bbmodel",
			"model_properties": "mtr:s43tec_lrt1980/s43tec_lrt1980.json",
			"bve_sound_base_id": "stadtbahn_1980"
		},
		"s43tec_lrt1980mod": {
			"name": "S43-Tec LRT 1980 Modernized",
			"description": "A fictional LRV from Germany, built in 1980, modernized around 2010.",
			"wikipedia_article": "",
			"color": "62CF43",
			"gangway_connection_id": "mtr:s43tec_lrt1980mod/testtram",
			"train_barrier_id": "",
			"door_animation_type": "PLUG_FAST",
			"render_door_overlay": false,
			"rider_offset": 0,
			"texture_id": "mtr:s43tec_lrt1980mod/s43tec_lrt1980mod",
			"model": "mtr:s43tec_lrt1980mod/s43tec_lrt1980mod.bbmodel",
			"model_properties": "mtr:s43tec_lrt1980mod/s43tec_lrt1980mod.json",
			"bve_sound_base_id": "stadtbahn_1980mod"
		},
		"s43tec_lrt1987": {
			"name": "S43-Tec LRT 1987",
			"description": "A fictional LRV from Germany, built in 1987.",
			"wikipedia_article": "",
			"color": "62CF43",
			"gangway_connection_id": "mtr:s43tec_lrt1987/testtram",
			"train_barrier_id": "",
			"door_animation_type": "PLUG_FAST",
			"render_door_overlay": false,
			"rider_offset": 0,
			"texture_id": "mtr:s43tec_lrt1987/s43tec_lrt1987",
			"model": "mtr:s43tec_lrt1987/s43tec_lrt1987.bbmodel",
			"model_properties": "mtr:s43tec_lrt1987/s43tec_lrt1987.json",
			"bve_sound_base_id": "stadtbahn_1987"
		},
		"s43tec_lrt1995": {
			"name": "S43-Tec LRT 1995",
			"description": "A fictional LRV from Germany, built in 1995.",
			"wikipedia_article": "",
			"color": "62CF43",
			"gangway_connection_id": "mtr:s43tec_lrt1995/testtram",
			"train_barrier_id": "",
			"door_animation_type": "PLUG_FAST",
			"render_door_overlay": false,
			"rider_offset": 0,
			"texture_id": "mtr:s43tec_lrt1995/s43tec_lrt1995",
			"model": "mtr:s43tec_lrt1995/s43tec_lrt1995.bbmodel",
			"model_properties": "mtr:s43tec_lrt1995/s43tec_lrt1995.json",
			"bve_sound_base_id": "stadtbahn_1995"
		},
		"s43tec_lrt2002": {
			"name": "S43-Tec LRT 2002",
			"description": "A fictional LRV from Germany, built in 2002.",
			"wikipedia_article": "",
			"color": "62CF43",
			"gangway_connection_id": "mtr:s43tec_lrt2002/testtram",
			"train_barrier_id": "",
			"door_animation_type": "PLUG_FAST",
			"render_door_overlay": false,
			"rider_offset": 0,
			"texture_id": "mtr:s43tec_lrt2002/s43tec_lrt2002",
			"model": "mtr:s43tec_lrt2002/s43tec_lrt2002.bbmodel",
			"model_properties": "mtr:s43tec_lrt2002/s43tec_lrt2002.json",
			"bve_sound_base_id": "stadtbahn_2002"
		},
		"s43tec_lrt2010": {
			"name": "S43-Tec LRT 2010",
			"description": "A fictional LRV from Germany, built in 2010.",
			"wikipedia_article": "",
			"color": "62CF43",
			"gangway_connection_id": "mtr:s43tec_lrt2010/testtram",
			"train_barrier_id": "",
			"door_animation_type": "PLUG_FAST",
			"render_door_overlay": false,
			"rider_offset": 0,
			"texture_id": "mtr:s43tec_lrt2010/s43tec_lrt2010",
			"model": "mtr:s43tec_lrt2010/s43tec_lrt2010.bbmodel",
			"model_properties": "mtr:s43tec_lrt2010/s43tec_lrt2010.json",
			"bve_sound_base_id": "stadtbahn_2010"
		},
		"s43tec_lrt2020": {
			"name": "S43-Tec LRT 2020",
			"description": "A fictional LRV from Germany, built in 2020.",
			"wikipedia_article": "",
			"color": "62CF43",
			"gangway_connection_id": "",
			"train_barrier_id": "",
			"door_animation_type": "PLUG_FAST",
			"render_door_overlay": false,
			"rider_offset": 0,
			"texture_id": "mtr:s43tec_lrt2020/s43tec_lrt2020",
			"model": "mtr:s43tec_lrt2020/s43tec_lrt2020.bbmodel",
			"model_properties": "mtr:s43tec_lrt2020/s43tec_lrt2020.json",
			"bve_sound_base_id": "stadtbahn_2018"
		},
		"s43tec_lrt2024": {
			"name": "S43-Tec LRT 2024",
			"description": "A fictional LRV from Germany, built in 2024. Serves as an alternative to the LRT 2020.",
			"wikipedia_article": "",
			"color": "62CF43",
			"gangway_connection_id": "mtr:s43tec_lrt2024/testtram",
			"train_barrier_id": "",
			"door_animation_type": "PLUG_FAST",
			"render_door_overlay": false,
			"rider_offset": 0,
			"texture_id": "mtr:s43tec_lrt2024/s43tec_lrt2024",
			"model": "mtr:s43tec_lrt2024/s43tec_lrt2024.bbmodel",
			"model_properties": "mtr:s43tec_lrt2024/s43tec_lrt2024.json",
			"bve_sound_base_id": "stadtbahn_2026"
		},
		"s43tec_lrt1975_drivable": {
			"name": "S43-Tec LRT 1975 Drivable",
			"description": "Like the default LRT 1975, but without a driver, suitable for drivables.",
			"wikipedia_article": "",
			"color": "62CF43",
			"train_barrier_id": "",
			"door_animation_type": "PLUG_FAST",
			"render_door_overlay": false,
			"rider_offset": 0,
			"texture_id": "mtr:s43tec_lrt1975/s43tec_lrt1975",
			"model": "mtr:s43tec_lrt1975/s43tec_lrt1975.bbmodel",
			"model_properties": "mtr:s43tec_lrt1975/s43tec_lrt1975_dr.json",
			"has_gangway_connection": false,
			"bve_sound_base_id": "stadtbahn_1975"
		},
		"s43tec_lrt1980_drivable": {
			"name": "S43-Tec LRT 1980 Drivable",
			"description": "Like the default LRT 1980, but without a driver, suitable for drivables.",
			"wikipedia_article": "",
			"color": "62CF43",
			"gangway_connection_id": "mtr:s43tec_lrt1980/testtram",
			"train_barrier_id": "",
			"door_animation_type": "PLUG_FAST",
			"render_door_overlay": false,
			"rider_offset": 0,
			"texture_id": "mtr:s43tec_lrt1980/s43tec_lrt1980",
			"model": "mtr:s43tec_lrt1980/s43tec_lrt1980.bbmodel",
			"model_properties": "mtr:s43tec_lrt1980/s43tec_lrt1980_dr.json",
			"bve_sound_base_id": "stadtbahn_1980"
		},
		"s43tec_lrt1980mod_drivable": {
			"name": "S43-Tec LRT 1980 Modernized Drivable",
			"description": "Like the default modernized LRT 1980, but without a driver, suitable for drivables.",
			"wikipedia_article": "",
			"color": "62CF43",
			"gangway_connection_id": "mtr:s43tec_lrt1980mod/testtram",
			"train_barrier_id": "",
			"door_animation_type": "PLUG_FAST",
			"render_door_overlay": false,
			"rider_offset": 0,
			"texture_id": "mtr:s43tec_lrt1980mod/s43tec_lrt1980mod",
			"model": "mtr:s43tec_lrt1980mod/s43tec_lrt1980mod.bbmodel",
			"model_properties": "mtr:s43tec_lrt1980mod/s43tec_lrt1980mod_dr.json",
			"bve_sound_base_id": "stadtbahn_1980mod"
		},
		"s43tec_lrt1987_drivable": {
			"name": "S43-Tec LRT 1987 Drivable",
			"description": "Like the default LRT 1987, but without a driver, suitable for drivables.",
			"wikipedia_article": "",
			"color": "62CF43",
			"gangway_connection_id": "mtr:s43tec_lrt1987/testtram",
			"train_barrier_id": "",
			"door_animation_type": "PLUG_FAST",
			"render_door_overlay": false,
			"rider_offset": 0,
			"texture_id": "mtr:s43tec_lrt1987/s43tec_lrt1987",
			"model": "mtr:s43tec_lrt1987/s43tec_lrt1987.bbmodel",
			"model_properties": "mtr:s43tec_lrt1987/s43tec_lrt1987_dr.json",
			"bve_sound_base_id": "stadtbahn_1987"
		},
		"s43tec_lrt1995_drivable": {
			"name": "S43-Tec LRT 1995 Drivable",
			"description": "Like the default LRT 1995, but without a driver, suitable for drivables.",
			"wikipedia_article": "",
			"color": "62CF43",
			"gangway_connection_id": "mtr:s43tec_lrt1995/testtram",
			"train_barrier_id": "",
			"door_animation_type": "PLUG_FAST",
			"render_door_overlay": false,
			"rider_offset": 0,
			"texture_id": "mtr:s43tec_lrt1995/s43tec_lrt1995",
			"model": "mtr:s43tec_lrt1995/s43tec_lrt1995.bbmodel",
			"model_properties": "mtr:s43tec_lrt1995/s43tec_lrt1995_dr.json",
			"bve_sound_base_id": "stadtbahn_1995"
		},
		"s43tec_lrt2002_drivable": {
			"name": "S43-Tec LRT 2002 Drivable",
			"description": "Like the default LRT 2002, but without a driver, suitable for drivables.",
			"wikipedia_article": "",
			"color": "62CF43",
			"gangway_connection_id": "mtr:s43tec_lrt2002/testtram",
			"train_barrier_id": "",
			"door_animation_type": "PLUG_FAST",
			"render_door_overlay": false,
			"rider_offset": 0,
			"texture_id": "mtr:s43tec_lrt2002/s43tec_lrt2002",
			"model": "mtr:s43tec_lrt2002/s43tec_lrt2002.bbmodel",
			"model_properties": "mtr:s43tec_lrt2002/s43tec_lrt2002_dr.json",
			"bve_sound_base_id": "stadtbahn_2002"
		},
		"s43tec_lrt2010_drivable": {
			"name": "S43-Tec LRT 2010 Drivable",
			"description": "Like the default LRT 2010, but without a driver, suitable for drivables.",
			"wikipedia_article": "",
			"color": "62CF43",
			"gangway_connection_id": "mtr:s43tec_lrt2010/testtram",
			"train_barrier_id": "",
			"door_animation_type": "PLUG_FAST",
			"render_door_overlay": false,
			"rider_offset": 0,
			"texture_id": "mtr:s43tec_lrt2010/s43tec_lrt2010",
			"model": "mtr:s43tec_lrt2010/s43tec_lrt2010.bbmodel",
			"model_properties": "mtr:s43tec_lrt2010/s43tec_lrt2010_dr.json",
			"bve_sound_base_id": "stadtbahn_2010"
		},
		"s43tec_lrt2020_drivable": {
			"name": "S43-Tec LRT 2020 Drivable",
			"description": "Like the default LRT 2020, but without a driver, suitable for drivables.",
			"wikipedia_article": "",
			"color": "62CF43",
			"gangway_connection_id": "",
			"train_barrier_id": "",
			"door_animation_type": "PLUG_FAST",
			"render_door_overlay": false,
			"rider_offset": 0,
			"texture_id": "mtr:s43tec_lrt2020/s43tec_lrt2020",
			"model": "mtr:s43tec_lrt2020/s43tec_lrt2020.bbmodel",
			"model_properties": "mtr:s43tec_lrt2020/s43tec_lrt2020_dr.json",
			"bve_sound_base_id": "stadtbahn_2018"
		},
		"s43tec_lrt2024_drivable": {
			"name": "S43-Tec LRT 2024 Drivable",
			"description": "A fictional LRV from Germany, built in 2024. Serves as an alternative to the LRT 2020. Without a driver, suitable for drivables.",
			"wikipedia_article": "",
			"color": "62CF43",
			"gangway_connection_id": "mtr:s43tec_lrt2024/testtram",
			"train_barrier_id": "",
			"door_animation_type": "PLUG_FAST",
			"render_door_overlay": false,
			"rider_offset": 0,
			"texture_id": "mtr:s43tec_lrt2024/s43tec_lrt2024",
			"model": "mtr:s43tec_lrt2024/s43tec_lrt2024.bbmodel",
			"model_properties": "mtr:s43tec_lrt2024/s43tec_lrt2024_dr.json",
			"bve_sound_base_id": "stadtbahn_2026"
		},
		"s43tec_lightmetro2014": {
			"name": "S43-Tec LightMetro 2014",
			"description": "A train for a metro system, based on the LRT series. Built in 2014.",
			"wikipedia_article": "",
			"color": "B92424",
			"gangway_connection_id": "",
			"train_barrier_id": "",
			"door_animation_type": "PLUG_FAST",
			"render_door_overlay": false,
			"rider_offset": 0,
			"texture_id": "mtr:s43tec_lightmetro2014/s43tec_lightmetro2014",
			"model": "mtr:s43tec_lightmetro2014/s43tec_lightmetro2014.bbmodel",
			"model_properties": "mtr:s43tec_lightmetro2014/s43tec_lightmetro2014.json",
			"bve_sound_base_id": "stadtbahn_2018"
		},
		"s43tec_lightmetro2023": {
			"name": "S43-Tec LightMetro 2023",
			"description": "A train for a metro system, based on the LRT series. Built in 2023.",
			"wikipedia_article": "",
			"color": "B92424",
			"gangway_connection_id": "",
			"train_barrier_id": "",
			"door_animation_type": "PLUG_FAST",
			"render_door_overlay": false,
			"rider_offset": 0,
			"texture_id": "mtr:s43tec_lightmetro2023/s43tec_lightmetro2023",
			"model": "mtr:s43tec_lightmetro2023/s43tec_lightmetro2023.bbmodel",
			"model_properties": "mtr:s43tec_lightmetro2023/s43tec_lightmetro2023.json",
			"bve_sound_base_id": "stadtbahn_2026"
		},
		"s43tec_lightmetro2014_drivable": {
			"name": "S43-Tec LightMetro 2014 Drivable",
			"description": "A train for a metro system, based on the LRT series. Built in 2014. Without a driver, suitable for drivables.",
			"wikipedia_article": "",
			"color": "B92424",
			"gangway_connection_id": "",
			"train_barrier_id": "",
			"door_animation_type": "PLUG_FAST",
			"render_door_overlay": false,
			"rider_offset": 0,
			"texture_id": "mtr:s43tec_lightmetro2014/s43tec_lightmetro2014",
			"model": "mtr:s43tec_lightmetro2014/s43tec_lightmetro2014.bbmodel",
			"model_properties": "mtr:s43tec_lightmetro2014/s43tec_lightmetro2014_dr.json",
			"bve_sound_base_id": "stadtbahn_2018"
		},
		"s43tec_lightmetro2023_drivable": {
			"name": "S43-Tec LightMetro 2023 Drivable",
			"description": "A train for a metro system, based on the LRT series. Built in 2023. Without a driver, suitable for drivables.",
			"wikipedia_article": "",
			"color": "B92424",
			"gangway_connection_id": "",
			"train_barrier_id": "",
			"door_animation_type": "PLUG_FAST",
			"render_door_overlay": false,
			"rider_offset": 0,
			"texture_id": "mtr:s43tec_lightmetro2023/s43tec_lightmetro2023",
			"model": "mtr:s43tec_lightmetro2023/s43tec_lightmetro2023.bbmodel",
			"model_properties": "mtr:s43tec_lightmetro2023/s43tec_lightmetro2023_dr.json",
			"bve_sound_base_id": "stadtbahn_2026"
		},
		"bvg_class_h": {
            "name": "BVG-Baureihe H(BVG Crass H)",
	    "bve_sound_base_id": "bvg_class_h",
            "description": "",
            "wikipedia_article": "BVG_Class_H",
            "color": "ffff00",
            "gangway_connection_id": "mtr:bvg_class_h/bvg_class_h",
            "train_barrier_id": "",
            "door_animation_type": "PLUG_FAST",
            "render_door_overlay": false,
            "rider_offset": 0,
            "texture_id": "mtr:bvg_class_h/bvg_class_h.png",
            "model": "mtr:bvg_class_h/bvg_class_h.bbmodel",
            "model_properties": "mtr:bvg_class_h/bvg_class_h.json",
	    "door_close_sound_time": 1
        },
        "limace_ub": {
            "name": "LIMACE-UB",
	 	    "bve_sound_base_id": "bvg_class_h",
            "description": "",
            "wikipedia_article": "",
            "color": "ffffff",
            "gangway_connection_id": "mtr:bvg_class_h/bvg_class_h",
            "train_barrier_id": "",
            "door_animation_type": "PLUG_FAST",
            "render_door_overlay": false,
            "rider_offset": 0,
            "texture_id": "mtr:bvg_class_h/limace_ub.png",
            "model": "mtr:bvg_class_h/bvg_class_h.bbmodel",
            "model_properties": "mtr:bvg_class_h/limace_ub.json",
		    "door_close_sound_time": 1
        },
		"b_90_long_mini":{
			"name":"B90 (mini, longitudinal)",
			"color":"9999",
			"gangway_connection_id": "mtr:custom_directory/b_90_long_mini/b_90_long_mini",
			"has_gangway_connection": true,
			"bve_sound_base_id": "b90",
			"train_barrier_id":"",
			"rider_offset":0.0,
			"texture_id":"mtr:custom_directory/b_90_long_mini/b_90_long_mini",
			"model":"mtr:custom_directory/b_90_long_mini/b_90_long_mini.bbmodel",
			"model_properties":"mtr:custom_directory/b_90_long_mini/b_90_long_mini.json"
		},
		"b_90_mini":{
			"name":"B90 (mini)",
			"color":"9999",
			"gangway_connection_id": "mtr:custom_directory/b_90_long_mini/b_90_long_mini",
			"has_gangway_connection": true,
			"bve_sound_base_id": "b90",
			"train_barrier_id":"",
			"rider_offset":0.0,
			"texture_id":"mtr:custom_directory/b_90_long_mini/b_90_long_mini",
			"model":"mtr:custom_directory/b_90_long_mini/b_90_long_mini.bbmodel",
			"model_properties":"mtr:custom_directory/b_90_long_mini/b_90_mini.json"
		},
		"m45_r": {
			"name": "Class 345 (Big)",
			"color": "614199",
			"base_train_type": "k_train",
			"texture_id": "mtr:custom_directory/l7.png"
		},
		"m45_s": {
			"name": "Class 345 (Regular)",
			"color": "614199",
			"base_train_type": "k_train_small",
			"texture_id": "mtr:custom_directory/l7.png"
		},
		"m45_m": {
			"name": "Class 345 (Small)",
			"color": "614199",
			"base_train_type": "k_train_mini",
			"texture_id": "mtr:custom_directory/l7.png"
		},
			"elevator_moving_sideways": {
				"name": "Elevator Moving Sideways",
				"description": "3x3x3.\n Door variant is Ricktrain compatible.\n\n Programming: CinderaceOTS",
				"wikipedia_article": "https://en.wikipedia.org/wiki/Elevator",
				"color": "999999",
				"gangway_connection_id": "",
				"train_barrier_id": "",
				"door_animation_type": "STANDARD",
				"render_door_overlay": false,
				"rider_offset": 0,
				"texture_id": "mtr:elevator_moving_sideways/elevator_moving_sideways.png",
			"bve_sound_base_id": "london_underground_1995",
			"has_gangway_connection": false,
				"model": "mtr:elevator_moving_sideways/elevator_moving_sideways.bbmodel",
				"model_properties": "mtr:elevator_moving_sideways/elevator_moving_sideways.json"
			},
			"cm1_r": {
				"name": "Occasus 夕日 (Regular)",
				"color": "954aff",
				"base_train_type": "k_train",
				"texture_id": "mtr:custom_directory/b1111a_cm1.png"
			},
			"cm1_s": {
				"name": "Occasus 夕日 (Small)",
				"color": "954aff",
				"base_train_type": "k_train_small",
				"texture_id": "mtr:custom_directory/b1111a_cm1.png"
			},
			"cm1_m": {
				"name": "Occasus 夕日 (Mini)",
				"color": "954aff",
				"base_train_type": "k_train_mini",
				"texture_id": "mtr:custom_directory/b1111a_cm1.png"
			},
			"m45_r_": {
				"name": "Myriad 無量 (Regular)",
				"color": "abdff5",
				"base_train_type": "k_train",
				"texture_id": "mtr:custom_directory/l7_.png"
			},
			"m45_s_": {
				"name": "Myriad 無量 (Small)",
				"color": "abdff5",
				"base_train_type": "k_train_small",
				"texture_id": "mtr:custom_directory/l7_.png"
			},
			"m45_m_": {
				"name": "Myriad 無量 (mini)",
				"color": "abdff5",
				"base_train_type": "k_train_mini",
				"texture_id": "mtr:custom_directory/l7_.png"
			},
			"hkislandtram": {
				"name": "Hong Kong Tramway",
				"description": "Hong Kong Tramway",
				"wikipedia_article": "",
				"color": "54FF04",
				"gangway_connection_id": "",
				"train_barrier_id": "",
				"door_animation_type": "MLR",
				"render_door_overlay": false,
				"rider_offset": 0,
				"texture_id": "mtr:hkislandtram/hkislandtram",
				"model": "mtr:hkislandtram/hkislandtram.bbmodel",
				"model_properties": "mtr:hkislandtram/hkislandtram.json",
				"speed_sound_base_id": "light_rail_mitsubishi",
				"door_sound_base_id": "sp1900"
			},
			"emu4003": {
				"name": "EMU4003",
				"color": "06b4c8",
				"base_train_type": "c_train",
				"door_animation_type": "STANDARD",
				"texture_id": "mtr:custom_directory/emu4003normal.png"
			},
			"emu4003s": {
				"name": "EMU4003 (Small)",
				"color": "06b4c8",
				"base_train_type": "c_train_small",
				"door_animation_type": "STANDARD",
				"texture_id": "mtr:custom_directory/emu4003normal.png"
			},
			"emu4003m": {
				"name": "EMU4003 (Mini)",
				"color": "06b4c8",
				"base_train_type": "c_train_mini",
				"door_animation_type": "BOUNCY_2",
				"texture_id": "mtr:custom_directory/emu4003normal.png"
			},
			"emu4003_janet": {
				"name": "EMU4003 (Janet Rocket Line (3))",
				"color": "06b4c8",
				"base_train_type": "c_train",
				"door_animation_type": "STANDARD",
				"texture_id": "mtr:custom_directory/c_trainkek_janet.png"
			},
			"emu4003s_janet": {
				"name": "EMU4003 (Small, Janet Rocket Line (3))",
				"color": "06b4c8",
				"base_train_type": "c_train_small",
				"door_animation_type": "STANDARD",
				"texture_id": "mtr:custom_directory/c_trainkek_janet.png"
			},
			"emu4003m_janet": {
				"name": "EMU4003 (Mini, Janet Rocket Line (3))",
				"color": "06b4c8",
				"base_train_type": "c_train_mini",
				"door_animation_type": "BOUNCY_2",
				"texture_id": "mtr:custom_directory/c_trainkek_janet.png"
			},
			"lemu100": {
				"name": "LEMU100 Son of Light Line (1) (Surge)",
				"color": "d0d000",
				"base_train_type": "london_underground_1995",
				"door_animation_type": "PLUG_SLOW",
				"texture_id": "mtr:custom_directory/son_of_light_tex_real.png"
			},
			"emu4002a": {
				"name": "EMU4002A Tozai Line (2)",
				"color": "063468",
				"base_train_type": "a_train_tcl_small",
				"door_animation_type": "PLUG_FAST",
				"texture_id": "mtr:custom_directory/a_train_tcl_sakurasakura.png"
			},
			"emu4002a_m": {
				"name": "EMU4002A Tozai Line (2) (Mini)",
				"color": "063468",
				"base_train_type": "a_train_tcl_mini",
				"door_animation_type": "PLUG_FAST",
				"texture_id": "mtr:custom_directory/a_train_tcl_sakurasakura.png"
			},
			"emu4003a": {
				"name": "EMU4003A (Stella)",
				"color": "2446bd",
				"base_train_type": "r211t",
				"door_animation_type": "MLR",
				"texture_id": "mtr:custom_directory/4004.png"
			},
			"emu4003ajtarailwways": {
				"name": "Jake Transit Athourity 4003A Stock (Stella)",
				"color": "2446bd",
				"base_train_type": "r211t",
				"door_animation_type": "MLR",
				"bve_sound_base_id": "r160bve",
				"texture_id": "mtr:custom_directory/jtr_railways/4004.png"
			},
			"emu4003amini": {
				"name": "EMU4003A mini (Swinger)",
				"color": "2446bd",
				"base_train_type": "r211t_mini",
				"door_animation_type": "MLR",
				"texture_id": "mtr:custom_directory/4004.png"
			},
			"emu4003a_janet": {
				"name": "EMU4003A (Stella, Janet Rocket Line (3))",
				"color": "2446bd",
				"base_train_type": "r211t",
				"door_animation_type": "MLR",
				"texture_id": "mtr:custom_directory/4004_janet.png"
			},
			"emu4003amini_janet": {
				"name": "EMU4003A mini (Swinger, Janet Rocket Line (3))",
				"color": "2446bd",
				"base_train_type": "r211t_mini",
				"door_animation_type": "MLR",
				"texture_id": "mtr:custom_directory/4004_janet.png"
			},
			"xemu2204": {
				"name": "XEMU2204 (Red Dragon)",
				"color": "ca1e48",
				"base_train_type": "e44",
				"door_animation_type": "MLR",
				"texture_id": "mtr:custom_directory/e44_bcl_red_dragon.png"
			},
			"xemu2204_mini": {
				"name": "XEMU2204 (Red Dragon, Mini)",
				"color": "ca1e48",
				"base_train_type": "e44_mini",
				"door_animation_type": "MLR",
				"texture_id": "mtr:custom_directory/e44_bcl_red_dragon.png"
			},
			"semu3408": {
				"name": "EMU4010 (OR Ottoland Line (6) Train)",
				"color": "cbc98a",
				"base_train_type": "r_train",
				"door_animation_type": "STANDARD_SLOW",
				"texture_id": "mtr:custom_directory/ottoland_line_final.png"
			},
			"semu3408_small": {
				"name": "EMU4010A (OR Ottoland Line Train (6), Small)",
				"color": "cbc98a",
				"base_train_type": "r_train_small",
				"door_animation_type": "STANDARD_SLOW",
				"texture_id": "mtr:custom_directory/ottoland_line_final.png"
			},
			"semu3408_mini": {
				"name": "EMU4010B (OR Ottoland Line (6) / North Port West LRT Train, Mini)",
				"color": "cbc98a",
				"base_train_type": "r_train_mini",
				"door_animation_type": "STANDARD_SLOW",
				"texture_id": "mtr:custom_directory/ottoland_line_final.png"
			},
			"emu4003bF": {
				"name": "EMU4003B (OR Otto-Mansion Line (5) Train)",
				"color": "ff6000",
				"base_train_type": "s_train",
				"door_animation_type": "STANDARD_SLOW",
				"texture_id": "mtr:custom_directory/s_train.png"
			},
			"emu4003b1F": {
				"name": "EMU4003B (OR Otis-Otto Line (8) Train)",
				"color": "29a69a",
				"base_train_type": "s_train",
				"door_animation_type": "STANDARD_SLOW",
				"texture_id": "mtr:custom_directory/s_train_line8.png"
			},
			"emu4003b2F": {
				"name": "EMU4003B (Red)",
				"color": "ff0000",
				"base_train_type": "s_train",
				"door_animation_type": "STANDARD_SLOW",
				"texture_id": "mtr:custom_directory/4003_red.png"
			},
			"emu4003b3F": {
				"name": "EMU4003B (Yellow)",
				"color": "ffff00",
				"base_train_type": "s_train",
				"door_animation_type": "STANDARD_SLOW",
				"texture_id": "mtr:custom_directory/4003_yellow.png"
			},
			"emu4003b4F": {
				"name": "EMU4003B (Green)",
				"color": "00b000",
				"base_train_type": "s_train",
				"door_animation_type": "STANDARD_SLOW",
				"texture_id": "mtr:custom_directory/4003_green.png"
			},
			"emu4003b5F": {
				"name": "EMU4003B (Blue)",
				"color": "0070b0",
				"base_train_type": "s_train",
				"door_animation_type": "STANDARD_SLOW",
				"texture_id": "mtr:custom_directory/4003_blue.png"
			},
			"emu4003b6F": {
				"name": "EMU4003B (Purple)",
				"color": "8000ff",
				"base_train_type": "s_train",
				"door_animation_type": "STANDARD_SLOW",
				"texture_id": "mtr:custom_directory/4003_purple.png"
			},
			"emu4003b7F": {
				"name": "EMU4003B (Magenta)",
				"color": "ff00ff",
				"base_train_type": "s_train",
				"door_animation_type": "STANDARD_SLOW",
				"texture_id": "mtr:custom_directory/4003_magenta.png"
			},
			"emu4003bP3F": {
				"name": "EMU4003B (Line P3)",
				"color": "94e922",
				"base_train_type": "s_train",
				"door_animation_type": "STANDARD_SLOW",
				"texture_id": "mtr:custom_directory/4003_suu.png"
			},
			"emu4003bS": {
				"name": "EMU4003B (OR Otto-Mansion Line (5) Train, Small)",
				"color": "ff6000",
				"base_train_type": "s_train_small",
				"door_animation_type": "STANDARD_SLOW",
				"texture_id": "mtr:custom_directory/s_train.png"
			},
			"emu4003b1S": {
				"name": "EMU4003B (OR Otis-Otto Line (8) Train, Small)",
				"color": "29a69a",
				"base_train_type": "s_train_small",
				"door_animation_type": "STANDARD_SLOW",
				"texture_id": "mtr:custom_directory/s_train_line8.png"
			},
			"emu4003b2S": {
				"name": "EMU4003B (Red, Small)",
				"color": "ff0000",
				"base_train_type": "s_train_small",
				"door_animation_type": "STANDARD_SLOW",
				"texture_id": "mtr:custom_directory/4003_red.png"
			},
			"emu4003b3S": {
				"name": "EMU4003B (Yellow, Small)",
				"color": "ffff00",
				"base_train_type": "s_train_small",
				"door_animation_type": "STANDARD_SLOW",
				"texture_id": "mtr:custom_directory/4003_yellow.png"
			},
			"emu4003b4S": {
				"name": "EMU4003B (Green, Small)",
				"color": "00b000",
				"base_train_type": "s_train_small",
				"door_animation_type": "STANDARD_SLOW",
				"texture_id": "mtr:custom_directory/4003_green.png"
			},
			"emu4003b5S": {
				"name": "EMU4003B (Blue, Small)",
				"color": "0070b0",
				"base_train_type": "s_train_small",
				"door_animation_type": "STANDARD_SLOW",
				"texture_id": "mtr:custom_directory/4003_blue.png"
			},
			"emu4003b6S": {
				"name": "EMU4003B (Purple, Small)",
				"color": "8000ff",
				"base_train_type": "s_train_small",
				"door_animation_type": "STANDARD_SLOW",
				"texture_id": "mtr:custom_directory/4003_purple.png"
			},
			"emu4003b7S": {
				"name": "EMU4003B (Magenta, Small)",
				"color": "ff00ff",
				"base_train_type": "s_train_small",
				"door_animation_type": "STANDARD_SLOW",
				"texture_id": "mtr:custom_directory/4003_magenta.png"
				
			},
			"emu4003bP3S": {
				"name": "EMU4003B (Line P3, Small)",
				"color": "94e922",
				"base_train_type": "s_train_small",
				"door_animation_type": "STANDARD_SLOW",
				"texture_id": "mtr:custom_directory/4003_suu.png"
			},
			"emu4003bM": {
				"name": "EMU4003B (OR Otto-Mansion Line (5) Train, Mini)",
				"color": "ff6000",
				"base_train_type": "s_train_mini",
				"door_animation_type": "STANDARD_SLOW",
				"texture_id": "mtr:custom_directory/s_train.png"
			},
			"emu4003b1M": {
				"name": "EMU4003B (OR Otis-Otto Line (8) Train, Mini)",
				"color": "29a69a",
				"base_train_type": "s_train_mini",
				"door_animation_type": "STANDARD_SLOW",
				"texture_id": "mtr:custom_directory/s_train_line8.png"
			},
			"emu4003b2M": {
				"name": "EMU4003B (Red, Mini)",
				"color": "ff0000",
				"base_train_type": "s_train_mini",
				"door_animation_type": "STANDARD_SLOW",
				"texture_id": "mtr:custom_directory/4003_red.png"
			},
			"emu4003b3M": {
				"name": "EMU4003B (Yellow, Mini)",
				"color": "ffff00",
				"base_train_type": "s_train_mini",
				"door_animation_type": "STANDARD_SLOW",
				"texture_id": "mtr:custom_directory/4003_yellow.png"
			},
			"emu4003b4M": {
				"name": "EMU4003B (Green, Mini)",
				"color": "00b000",
				"base_train_type": "s_train_mini",
				"door_animation_type": "STANDARD_SLOW",
				"texture_id": "mtr:custom_directory/4003_green.png"
			},
			"emu4003b5M": {
				"name": "EMU4003B (Blue, Mini)",
				"color": "0070b0",
				"base_train_type": "s_train_mini",
				"door_animation_type": "STANDARD_SLOW",
				"texture_id": "mtr:custom_directory/4003_blue.png"
			},
			"emu4003b6M": {
				"name": "EMU4003B (Purple, Mini)",
				"color": "8000ff",
				"base_train_type": "s_train_mini",
				"door_animation_type": "STANDARD_SLOW",
				"texture_id": "mtr:custom_directory/4003_purple.png"
			},
			"emu4003b7M": {
				"name": "EMU4003B (Magenta, Mini)",
				"color": "ff00ff",
				"base_train_type": "s_train_mini",
				"door_animation_type": "STANDARD_SLOW",
				"texture_id": "mtr:custom_directory/4003_magenta.png"
			},
			"emu4003bP3M": {
				"name": "EMU4003B (Line P3, Mini)",
				"color": "94e922",
				"base_train_type": "s_train_mini",
				"door_animation_type": "STANDARD_SLOW",
				"texture_id": "mtr:custom_directory/4003_suu.png"
			},
			"hsr2207": {
				"name": "XEMU2207 (ORHSR RDS Winner Train 'Sakura')",
				"color": "f49deb",
				"base_train_type": "a_train_ael",
				"door_animation_type": "PLUG_SLOW",
				"texture_id": "mtr:custom_directory/a_train_ael.png"
			},
			"hsr2207-1": {
				"name": "XEMU2207a (ORHSR RDS Winner Train 'Sakura', Mini)",
				"color": "f49deb",
				"base_train_type": "a_train_ael_mini",
				"door_animation_type": "PLUG_SLOW",
				"texture_id": "mtr:custom_directory/a_train_ael.png"
			},
			"hsr2207-2": {
				"name": "XEMU2207-1 (ORHSR 'General')",
				"color": "31613d",
				"base_train_type": "a_train_ael",
				"door_animation_type": "PLUG_SLOW",
				"texture_id": "mtr:custom_directory/a_train_code_general.png"
			},
			"hsr2207-3": {
				"name": "XEMU2207-1a (ORHSR 'General', Mini)",
				"color": "31613d",
				"base_train_type": "a_train_ael_mini",
				"door_animation_type": "PLUG_SLOW",
				"texture_id": "mtr:custom_directory/a_train_code_general.png"
			},
			"hsr2211": {
				"name": "XEMU2211 (OR Kintetsu 'Amu')",
				"color": "f06671",
				"base_train_type": "class_377_southern",
				"door_animation_type": "PLUG_SLOW",
				"texture_id": "mtr:custom_directory/class_377_southern.png"
			},
			"emu4014": {
				"name": "EMU4014 ('Mirai')",
				"color": "2e77d5",
				"base_train_type": "k_train",
				"door_animation_type": "PLUG_SLOW",
				"texture_id": "mtr:custom_directory/emu4014.png"
			},
			"emu4014a": {
				"name": "EMU4014 ('Mirai', Small)",
				"color": "2e77d5",
				"base_train_type": "k_train_small",
				"door_animation_type": "PLUG_SLOW",
				"texture_id": "mtr:custom_directory/emu4014.png"
			},
			"emu4014b": {
				"name": "EMU4014 ('Mirai', Mini)",
				"color": "2e77d5",
				"base_train_type": "k_train_mini",
				"door_animation_type": "PLUG_SLOW",
				"texture_id": "mtr:custom_directory/emu4014.png"
			},
			"emu4010t1": {
				"name": "EMU4010A (OR Tohka Yatogami Easter Egg Train, Normal)",
				"base_train_type": "r_train",
				"texture_id": "mtr:custom_directory\/tohka_4010.png",
				"color": "6529d6"
			},
			"emu4010t2": {
				"name": "EMU4010A (OR Tohka Yatogami Easter Egg Train, Small)",
				"base_train_type": "r_train_small",
				"texture_id": "mtr:custom_directory\/tohka_4010.png",
				"color": "6529d6"
			},
			"emu4010t3": {
				"name": "EMU4010A (OR Tohka Yatogami Easter Egg Train, Mini)",
				"base_train_type": "r_train_mini",
				"texture_id": "mtr:custom_directory\/tohka_4010.png",
				"color": "6529d6"
			},
			"emu4010p2a": {
				"name": "EMU4010A (OR Mount Birch Line (P2) Train, Normal)",
				"base_train_type": "r_train",
				"texture_id": "mtr:custom_directory\/p2_4010.png",
				"color": "3c78d8"
			},
			"emu4010p2b": {
				"name": "EMU4010A (OR Mount Birch Line (P2) Train, Small)",
				"base_train_type": "r_train_small",
				"texture_id": "mtr:custom_directory\/p2_4010.png",
				"color": "3c78d8"
			},
			"emu4010p2": {
				"name": "EMU4010A (OR Mount Birch Line (P2) Train, Mini)",
				"base_train_type": "r_train_mini",
				"texture_id": "mtr:custom_directory\/p2_4010.png",
				"color": "3c78d8"
			},
			"eidan_9000": {
				"name": "Eidan 9000",
				"description": "Model and texture by CinderaceOTS (Pending 4.0.0 migration)",
				"wikipedia_article": "Tokyo_Metro_9000_series",
				"color": "00AC9B",
				"texture_id": "mtr:eidan_9000/eidan_9000.png",
				"gangway_connection_id": "mtr:eidan_9000/eidan_9000",
				"train_barrier_id": "",
				"door_animation_type": "STANDARD_SLOW",
				"render_door_overlay": false,
				"rider_offset": 0,
				"model": "mtr:eidan_9000/eidan_9000.bbmodel",
				"model_properties": "mtr:eidan_9000/eidan_9000.json",
				"bve_sound_base_id": "eidan_9000"
			},
			"eidan_9000_small": {
				"name": "Eidan 9000 (Small)",
				"description": "Model and texture by CinderaceOTS (Pending 4.0.0 migration)",
				"wikipedia_article": "Tokyo_Metro_9000_series",
				"color": "00AC9B",
				"texture_id": "mtr:eidan_9000/eidan_9000.png",
				"gangway_connection_id": "mtr:eidan_9000/eidan_9000",
				"train_barrier_id": "",
				"door_animation_type": "STANDARD_SLOW",
				"render_door_overlay": false,
				"rider_offset": 0,
				"model": "mtr:eidan_9000/eidan_9000.bbmodel",
				"model_properties": "mtr:eidan_9000/eidan_9000_small.json",
				"bve_sound_base_id": "eidan_9000"
			},
			"eidan_9000_mini": {
				"name": "Eidan 9000 (Mini)",
				"description": "Model and texture by CinderaceOTS (Pending 4.0.0 migration)",
				"wikipedia_article": "Tokyo_Metro_9000_series",
				"color": "00AC9B",
				"texture_id": "mtr:eidan_9000/eidan_9000.png",
				"gangway_connection_id": "mtr:eidan_9000/eidan_9000",
				"train_barrier_id": "",
				"door_animation_type": "STANDARD_SLOW",
				"render_door_overlay": false,
				"rider_offset": 0,
				"model": "mtr:eidan_9000/eidan_9000.bbmodel",
				"model_properties": "mtr:eidan_9000/eidan_9000_mini.json",
				"bve_sound_base_id": "eidan_9000"
			},
			"sendai_1000": {
				"name": "Sendai1000",
				"base_train_type": "base_24_2",
				"color": "6CBB5A",
				"texture_id": "mtr:sendai1000/sendai1000",
				"speed_sound_count": 95,
				"bve_sound_base_id": "eidan_9000",
				"has_gangway_connection": true,
				"model": "mtr:sendai1000/sendai1000.bbmodel",
				"model_properties": "mtr:sendai1000/sendai1000.json"
			}
	},
	"custom_signs": {
		"exit_1": {
			"texture_id": "mtr:custom_directory/exitsign.png",
			"flip_texture": false,
			"custom_text": "往出口|To Exit",
			"flip_custom_text": false,
			"small": false,
			"background_color": "000000"
		},
		"exit_2": {
			"texture_id": "mtr:custom_directory/exitsign.png",
			"flip_texture": false,
			"custom_text": "往出口|To Exit",
			"flip_custom_text": true,
			"small": false,
			"background_color": "000000"
		},
		"or_logo": {
			"texture_id": "mtr:custom_directory/origin_railway_logo.png",
			"flip_texture": false,
			"custom_text": "原生鐵路|Origin Railway",
			"flip_custom_text": false,
			"small": false,
			"background_color": "000000"
		},
		"or_logo1": {
			"texture_id": "mtr:custom_directory/origin_railway_logo.png",
			"flip_texture": false,
			"custom_text": "原生鐵路|Origin Railway",
			"flip_custom_text": true,
			"small": false,
			"background_color": "000000"
		},
		"or_adora": {
			"texture_id": "mtr:custom_directory/adora.png",
			"flip_texture": false,
			"custom_text": "感謝阿多拉提供支援|Acknowledge to Adora's NTI",
			"flip_custom_text": false,
			"small": false,
			"background_color": "000000"
		},
		"or_adora1": {
			"texture_id": "mtr:custom_directory/adora.png",
			"flip_texture": false,
			"custom_text": "感謝阿多拉提供支援|Acknowledge to Adora's NTI",
			"flip_custom_text": true,
			"small": false,
			"background_color": "000000"
		},
		"or_arrow": {
			"texture_id": "mtr:custom_directory/origin_arrow.png",
			"flip_texture": false,
			"custom_text": "",
			"flip_custom_text": true,
			"small": true,
			"background_color": "000000"
		},
		"or_arrow1": {
			"texture_id": "mtr:custom_directory/origin_arrow.png",
			"flip_texture": true,
			"custom_text": "",
			"flip_custom_text": true,
			"small": true,
			"background_color": "000000"
		},
		"or_ticket": {
			"texture_id": "mtr:custom_directory/enquiry.png",
			"flip_texture": false,
			"custom_text": "票務查詢|Ticket Enquiry",
			"flip_custom_text": false,
			"small": false,
			"background_color": "000000"
		},
		"or_ticket1": {
			"texture_id": "mtr:custom_directory/enquiry.png",
			"flip_texture": false,
			"custom_text": "票務查詢|Ticket Enquiry",
			"flip_custom_text": true,
			"small": false,
			"background_color": "000000"
		},
		"or_eta": {
			"texture_id": "mtr:custom_directory/eta.png",
			"flip_texture": false,
			"custom_text": "到站查詢|ETA Enquiry",
			"flip_custom_text": false,
			"small": false,
			"background_color": "000000"
		},
		"or_eta1": {
			"texture_id": "mtr:custom_directory/eta.png",
			"flip_texture": false,
			"custom_text": "到站查詢|ETA Enquiry",
			"flip_custom_text": true,
			"small": false,
			"background_color": "000000"
		},
		"or_dining": {
			"texture_id": "mtr:custom_directory/dining.png",
			"flip_texture": false,
			"custom_text": "餐廳|Restaurant",
			"flip_custom_text": false,
			"small": false,
			"background_color": "000000"
		},
		"or_dining1": {
			"texture_id": "mtr:custom_directory/dining.png",
			"flip_texture": false,
			"custom_text": "餐廳|Restaurant",
			"flip_custom_text": true,
			"small": false,
			"background_color": "000000"
		},
		"1_car": {
			"texture_id": "mtr:custom_directory/1-car.png",
			"flip_texture": false,
			"custom_text": "卡車|-Car Train",
			"flip_custom_text": false,
			"small": false,
			"background_color": "000000"
		},
		"2_car": {
			"texture_id": "mtr:custom_directory/2-car.png",
			"flip_texture": false,
			"custom_text": "卡車|-Car Train",
			"flip_custom_text": false,
			"small": false,
			"background_color": "000000"
		},
		"3_car": {
			"texture_id": "mtr:custom_directory/3-car.png",
			"flip_texture": false,
			"custom_text": "卡車|-Car Train",
			"flip_custom_text": false,
			"small": false,
			"background_color": "000000"
		},
		"4_car": {
			"texture_id": "mtr:custom_directory/4-car.png",
			"flip_texture": false,
			"custom_text": "卡車|-Car Train",
			"flip_custom_text": false,
			"small": false,
			"background_color": "000000"
		},
		"5_car": {
			"texture_id": "mtr:custom_directory/5-car.png",
			"flip_texture": false,
			"custom_text": "卡車|-Car Train",
			"flip_custom_text": false,
			"small": false,
			"background_color": "000000"
		},
		"6_car": {
			"texture_id": "mtr:custom_directory/6-car.png",
			"flip_texture": false,
			"custom_text": "卡車|-Car Train",
			"flip_custom_text": false,
			"small": false,
			"background_color": "000000"
		},
		"7_car": {
			"texture_id": "mtr:custom_directory/7-car.png",
			"flip_texture": false,
			"custom_text": "卡車|-Car Train",
			"flip_custom_text": false,
			"small": false,
			"background_color": "000000"
		},
		"8_car": {
			"texture_id": "mtr:custom_directory/8-car.png",
			"flip_texture": false,
			"custom_text": "卡車|-Car Train",
			"flip_custom_text": false,
			"small": false,
			"background_color": "000000"
		},
		"9_car": {
			"texture_id": "mtr:custom_directory/9-car.png",
			"flip_texture": false,
			"custom_text": "卡車|-Car Train",
			"flip_custom_text": false,
			"small": false,
			"background_color": "000000"
		},
		"10_car": {
			"texture_id": "mtr:custom_directory/10-car.png",
			"flip_texture": false,
			"custom_text": "卡車|-Car Train",
			"flip_custom_text": false,
			"small": false,
			"background_color": "000000"
		},
		"11_car": {
			"texture_id": "mtr:custom_directory/11-car.png",
			"flip_texture": false,
			"custom_text": "卡車|-Car Train",
			"flip_custom_text": false,
			"small": false,
			"background_color": "000000"
		},
		"12_car": {
			"texture_id": "mtr:custom_directory/12-car.png",
			"flip_texture": false,
			"custom_text": "卡車|-Car Train",
			"flip_custom_text": false,
			"small": false,
			"background_color": "000000"
		},
		"13_car": {
			"texture_id": "mtr:custom_directory/13-car.png",
			"flip_texture": false,
			"custom_text": "卡車|-Car Train",
			"flip_custom_text": false,
			"small": false,
			"background_color": "000000"
		},
		"14_car": {
			"texture_id": "mtr:custom_directory/14-car.png",
			"flip_texture": false,
			"custom_text": "卡車|-Car Train",
			"flip_custom_text": false,
			"small": false,
			"background_color": "000000"
		},
		"15_car": {
			"texture_id": "mtr:custom_directory/15-car.png",
			"flip_texture": false,
			"custom_text": "卡車|-Car Train",
			"flip_custom_text": false,
			"small": false,
			"background_color": "000000"
		},
		"16_car": {
			"texture_id": "mtr:custom_directory/16-car.png",
			"flip_texture": false,
			"custom_text": "卡車|-Car Train",
			"flip_custom_text": false,
			"small": false,
			"background_color": "000000"
		},
		"1_car_flip": {
			"texture_id": "mtr:custom_directory/1-car.png",
			"flip_texture": false,
			"custom_text": "卡車|Car Train",
			"flip_custom_text": true,
			"small": false,
			"background_color": "000000"
		},
		"2_car_flip": {
			"texture_id": "mtr:custom_directory/2-car.png",
			"flip_texture": false,
			"custom_text": "卡車|Car Train",
			"flip_custom_text": true,
			"small": false,
			"background_color": "000000"
		},
		"3_car_flip": {
			"texture_id": "mtr:custom_directory/3-car.png",
			"flip_texture": false,
			"custom_text": "卡車|Car Train",
			"flip_custom_text": true,
			"small": false,
			"background_color": "000000"
		},
		"4_car_flip": {
			"texture_id": "mtr:custom_directory/4-car.png",
			"flip_texture": false,
			"custom_text": "卡車|Car Train",
			"flip_custom_text": true,
			"small": false,
			"background_color": "000000"
		},
		"5_car_flip": {
			"texture_id": "mtr:custom_directory/5-car.png",
			"flip_texture": false,
			"custom_text": "卡車|Car Train",
			"flip_custom_text": true,
			"small": false,
			"background_color": "000000"
		},
		"6_car_flip": {
			"texture_id": "mtr:custom_directory/6-car.png",
			"flip_texture": false,
			"custom_text": "卡車|Car Train",
			"flip_custom_text": true,
			"small": false,
			"background_color": "000000"
		},
		"7_car_flip": {
			"texture_id": "mtr:custom_directory/7-car.png",
			"flip_texture": false,
			"custom_text": "卡車|Car Train",
			"flip_custom_text": true,
			"small": false,
			"background_color": "000000"
		},
		"8_car_flip": {
			"texture_id": "mtr:custom_directory/8-car.png",
			"flip_texture": false,
			"custom_text": "卡車|Car Train",
			"flip_custom_text": true,
			"small": false,
			"background_color": "000000"
		},
		"9_car_flip": {
			"texture_id": "mtr:custom_directory/9-car.png",
			"flip_texture": false,
			"custom_text": "卡車|Car Train",
			"flip_custom_text": true,
			"small": false,
			"background_color": "000000"
		},
		"10_car_flip": {
			"texture_id": "mtr:custom_directory/10-car.png",
			"flip_texture": false,
			"custom_text": "卡車|Car Train",
			"flip_custom_text": true,
			"small": false,
			"background_color": "000000"
		},
		"11_car_flip": {
			"texture_id": "mtr:custom_directory/11-car.png",
			"flip_texture": false,
			"custom_text": "卡車|Car Train",
			"flip_custom_text": true,
			"small": false,
			"background_color": "000000"
		},
		"12_car_flip": {
			"texture_id": "mtr:custom_directory/12-car.png",
			"flip_texture": false,
			"custom_text": "卡車|Car Train",
			"flip_custom_text": true,
			"small": false,
			"background_color": "000000"
		},
		"13_car_flip": {
			"texture_id": "mtr:custom_directory/13-car.png",
			"flip_texture": false,
			"custom_text": "卡車|Car Train",
			"flip_custom_text": true,
			"small": false,
			"background_color": "000000"
		},
		"14_car_flip": {
			"texture_id": "mtr:custom_directory/14-car.png",
			"flip_texture": false,
			"custom_text": "卡車|Car Train",
			"flip_custom_text": true,
			"small": false,
			"background_color": "000000"
		},
		"15_car_flip": {
			"texture_id": "mtr:custom_directory/15-car.png",
			"flip_texture": false,
			"custom_text": "卡車|Car Train",
			"flip_custom_text": true,
			"small": false,
			"background_color": "000000"
		},
		"16_car_flip": {
			"texture_id": "mtr:custom_directory/16-car.png",
			"flip_texture": false,
			"custom_text": "卡車|Car Train",
			"flip_custom_text": true,
			"small": false,
			"background_color": "000000"
		},
		"violet_cupid_1": {
			"texture_id": "mtr:custom_directory/cupid_line.png",
			"flip_texture": false,
			"custom_text": "卡車|-Car Train",
			"flip_custom_text": false,
			"small": false,
			"background_color": "ec2370"
		},
		"violet_cupid_2": {
			"texture_id": "mtr:custom_directory/violet_line.png",
			"flip_texture": false,
			"custom_text": "卡車|-Car Train",
			"flip_custom_text": false,
			"small": false,
			"background_color": "ec2370"
		},
		"violet_cupid_1_flip": {
			"texture_id": "mtr:custom_directory/cupid_line.png",
			"flip_texture": false,
			"custom_text": "卡車|-Car Train",
			"flip_custom_text": true,
			"small": false,
			"background_color": "ec2370"
		},
		"violet_cupid_2_flip": {
			"texture_id": "mtr:custom_directory/violet_line.png",
			"flip_texture": false,
			"custom_text": "卡車|-Car Train",
			"flip_custom_text": true,
			"small": false,
			"background_color": "810FD7"
		}
	}
}