{"transport_mode":"TRAIN","length":14,"width":2,"door_max":12,"parts":[{"name":"1980_Innenwand","stage":"INTERIOR","mirror":false,"skip_rendering_if_too_far":false,"door_offset":"NONE","render_condition":"ALL","positions":[[0.0,0.0]],"whitelisted_cars":"","blacklisted_cars":"%2"},{"name":"1980_Fahrerkabine","stage":"EXTERIOR","mirror":false,"skip_rendering_if_too_far":false,"door_offset":"NONE","render_condition":"ALL","positions":[[0.0,0.0]],"whitelisted_cars":"","blacklisted_cars":"%2"},{"name":"1980_Aussenwand","stage":"EXTERIOR","mirror":false,"skip_rendering_if_too_far":false,"door_offset":"NONE","render_condition":"ALL","positions":[[0.0,0.0]],"whitelisted_cars":"","blacklisted_cars":"%2"},{"name":"1980_Innenwand","stage":"INTERIOR","mirror":true,"skip_rendering_if_too_far":false,"door_offset":"NONE","render_condition":"ALL","positions":[[0.0,0.0]],"whitelisted_cars":"","blacklisted_cars":"%2+1"},{"name":"1980_Fahrerkabine","stage":"EXTERIOR","mirror":true,"skip_rendering_if_too_far":false,"door_offset":"NONE","render_condition":"ALL","positions":[[0.0,0.0]],"whitelisted_cars":"","blacklisted_cars":"%2+1"},{"name":"1980_Aussenwand","stage":"EXTERIOR","mirror":true,"skip_rendering_if_too_far":false,"door_offset":"NONE","render_condition":"ALL","positions":[[0.0,0.0]],"whitelisted_cars":"","blacklisted_cars":"%2+1"},{"name":"1980_Frontlicht","stage":"ALWAYS_ON_LIGHTS","mirror":false,"skip_rendering_if_too_far":false,"door_offset":"NONE","render_condition":"MOVING_FORWARDS","positions":[[0.0,0.0]],"whitelisted_cars":"1","blacklisted_cars":"%2,%2+1"},{"name":"1980_Frontlicht","stage":"ALWAYS_ON_LIGHTS","mirror":true,"skip_rendering_if_too_far":false,"door_offset":"NONE","render_condition":"MOVING_BACKWARDS","positions":[[0.0,0.0]],"whitelisted_cars":"-1","blacklisted_cars":"%2,%2+1"},{"name":"1980_Ruecklicht","stage":"ALWAYS_ON_LIGHTS","mirror":false,"skip_rendering_if_too_far":false,"door_offset":"NONE","render_condition":"MOVING_BACKWARDS","positions":[[0.0,0.0]],"whitelisted_cars":"1","blacklisted_cars":"%2,%2+1"},{"name":"1980_Ruecklicht","stage":"ALWAYS_ON_LIGHTS","mirror":true,"skip_rendering_if_too_far":false,"door_offset":"NONE","render_condition":"MOVING_FORWARDS","positions":[[0.0,0.0]],"whitelisted_cars":"-1","blacklisted_cars":"%2,%2+1"},{"name":"1980_Tuer_A","stage":"EXTERIOR","mirror":false,"skip_rendering_if_too_far":false,"door_offset":"RIGHT_POSITIVE","render_condition":"ALL","positions":[[0.0,0.0],[0.0,80.0]],"whitelisted_cars":"","blacklisted_cars":"%2"},{"name":"1980_Tuer_B","stage":"EXTERIOR","mirror":false,"skip_rendering_if_too_far":false,"door_offset":"RIGHT_NEGATIVE","render_condition":"ALL","positions":[[0.0,0.0],[0.0,80.0]],"whitelisted_cars":"","blacklisted_cars":"%2"},{"name":"1980_Tuer_A","stage":"EXTERIOR","mirror":true,"skip_rendering_if_too_far":false,"door_offset":"LEFT_POSITIVE","render_condition":"ALL","positions":[[0.0,-32.0],[0.0,48.0]],"whitelisted_cars":"","blacklisted_cars":"%2"},{"name":"1980_Tuer_B","stage":"EXTERIOR","mirror":true,"skip_rendering_if_too_far":false,"door_offset":"LEFT_NEGATIVE","render_condition":"ALL","positions":[[0.0,-32.0],[0.0,48.0]],"whitelisted_cars":"","blacklisted_cars":"%2"},{"name":"1980_Tuer_A","stage":"EXTERIOR","mirror":true,"skip_rendering_if_too_far":false,"door_offset":"LEFT_POSITIVE","render_condition":"ALL","positions":[[0.0,0.0],[0.0,-80.0]],"whitelisted_cars":"","blacklisted_cars":"%2+1"},{"name":"1980_Tuer_B","stage":"EXTERIOR","mirror":true,"skip_rendering_if_too_far":false,"door_offset":"LEFT_NEGATIVE","render_condition":"ALL","positions":[[0.0,0.0],[0.0,-80.0]],"whitelisted_cars":"","blacklisted_cars":"%2+1"},{"name":"1980_Tuer_A","stage":"EXTERIOR","mirror":false,"skip_rendering_if_too_far":false,"door_offset":"RIGHT_POSITIVE","render_condition":"ALL","positions":[[0.0,32.0],[0.0,-48.0]],"whitelisted_cars":"","blacklisted_cars":"%2+1"},{"name":"1980_Tuer_B","stage":"EXTERIOR","mirror":false,"skip_rendering_if_too_far":false,"door_offset":"RIGHT_NEGATIVE","render_condition":"ALL","positions":[[0.0,-48.0],[0.0,32.0]],"whitelisted_cars":"","blacklisted_cars":"%2+1"},{"name":"1980_LinienanzeigeAussen","stage":"EXTERIOR","mirror":false,"skip_rendering_if_too_far":false,"door_offset":"NONE","render_condition":"ALL","positions":[[0.0,0.0]],"whitelisted_cars":"","blacklisted_cars":"%2","display":{"x_padding":0.0,"y_padding":0.0,"cjk_size_ratio":-1.0,"type":"ROUTE_NUMBER","color_cjk":"B92424","color":"B92424","should_scroll":false,"force_upper_case":false,"force_single_line":false}},{"name":"1980_LinienanzeigeAussen","stage":"EXTERIOR","mirror":true,"skip_rendering_if_too_far":false,"door_offset":"NONE","render_condition":"ALL","positions":[[0.0,0.0]],"whitelisted_cars":"","blacklisted_cars":"%2+1","display":{"x_padding":0,"y_padding":0,"cjk_size_ratio":-1.0,"type":"ROUTE_NUMBER","color_cjk":"B92424","color":"B92424","should_scroll":false,"force_upper_case":false,"force_single_line":false}},{"name":"1980_ZielanzeigeAussen","stage":"EXTERIOR","mirror":false,"skip_rendering_if_too_far":false,"door_offset":"NONE","render_condition":"ALL","positions":[[0.0,0.0]],"whitelisted_cars":"","blacklisted_cars":"%2","display":{"x_padding":0,"y_padding":0,"cjk_size_ratio":-1.0,"type":"DESTINATION","color_cjk":"DBDBDB","color":"DBDBDB","should_scroll":false,"force_upper_case":false,"force_single_line":false}},{"name":"1980_ZielanzeigeAussen","stage":"EXTERIOR","mirror":true,"skip_rendering_if_too_far":false,"door_offset":"NONE","render_condition":"ALL","positions":[[0.0,0.0]],"whitelisted_cars":"","blacklisted_cars":"%2+1","display":{"x_padding":0.0,"y_padding":0.0,"cjk_size_ratio":-1.0,"type":"DESTINATION","color_cjk":"DBDBDB","color":"DBDBDB","should_scroll":false,"force_upper_case":false,"force_single_line":false}},{"name":"1980_Tuer_A_Innen","stage":"INTERIOR","mirror":false,"skip_rendering_if_too_far":false,"door_offset":"RIGHT_POSITIVE","render_condition":"ALL","positions":[[0.0,0.0],[0.0,80.0]],"whitelisted_cars":"","blacklisted_cars":"%2"},{"name":"1980_Tuer_B_Innen","stage":"INTERIOR","mirror":false,"skip_rendering_if_too_far":false,"door_offset":"RIGHT_NEGATIVE","render_condition":"ALL","positions":[[0.0,0.0],[0.0,80.0]],"whitelisted_cars":"","blacklisted_cars":"%2"},{"name":"1980_Tuer_A_Innen","stage":"INTERIOR","mirror":true,"skip_rendering_if_too_far":false,"door_offset":"LEFT_POSITIVE","render_condition":"ALL","positions":[[0.0,-32.0],[0.0,48.0]],"whitelisted_cars":"","blacklisted_cars":"%2"},{"name":"1980_Tuer_B_Innen","stage":"INTERIOR","mirror":true,"skip_rendering_if_too_far":false,"door_offset":"LEFT_NEGATIVE","render_condition":"ALL","positions":[[0.0,-32.0],[0.0,48.0]],"whitelisted_cars":"","blacklisted_cars":"%2"},{"name":"1980_Tuer_A_Innen","stage":"INTERIOR","mirror":false,"skip_rendering_if_too_far":false,"door_offset":"RIGHT_POSITIVE","render_condition":"ALL","positions":[[0.0,32.0],[0.0,-48.0]],"whitelisted_cars":"","blacklisted_cars":"%2+1"},{"name":"1980_Tuer_B_Innen","stage":"INTERIOR","mirror":false,"skip_rendering_if_too_far":false,"door_offset":"RIGHT_NEGATIVE","render_condition":"ALL","positions":[[0.0,32.0],[0.0,-48.0]],"whitelisted_cars":"","blacklisted_cars":"%2+1"},{"name":"1980_Tuer_A_Innen","stage":"INTERIOR","mirror":true,"skip_rendering_if_too_far":false,"door_offset":"LEFT_POSITIVE","render_condition":"ALL","positions":[[0.0,0.0],[0.0,-80.0]],"whitelisted_cars":"","blacklisted_cars":"%2+1"},{"name":"1980_Tuer_B_Innen","stage":"INTERIOR","mirror":true,"skip_rendering_if_too_far":false,"door_offset":"LEFT_NEGATIVE","render_condition":"ALL","positions":[[0.0,0.0],[0.0,-80.0]],"whitelisted_cars":"","blacklisted_cars":"%2+1"},{"name":"1980_Innenbeleuchtung","stage":"ALWAYS_ON_LIGHTS","mirror":false,"skip_rendering_if_too_far":false,"door_offset":"NONE","render_condition":"ALL","positions":[[0.0,0.0]],"whitelisted_cars":"","blacklisted_cars":"%2"},{"name":"1980_Innenbeleuchtung","stage":"ALWAYS_ON_LIGHTS","mirror":true,"skip_rendering_if_too_far":false,"door_offset":"NONE","render_condition":"ALL","positions":[[0.0,0.0]],"whitelisted_cars":"","blacklisted_cars":"%2+1"},{"name":"Fahrer","stage":"EXTERIOR","mirror":false,"skip_rendering_if_too_far":false,"door_offset":"NONE","render_condition":"MOVING_FORWARDS","positions":[[0.0,0.0]],"whitelisted_cars":"1","blacklisted_cars":"%2,%2+1"},{"name":"Fahrer","stage":"EXTERIOR","mirror":true,"skip_rendering_if_too_far":false,"door_offset":"NONE","render_condition":"MOVING_BACKWARDS","positions":[[0.0,0.0]],"whitelisted_cars":"-1","blacklisted_cars":"%2+1,%2"},{"name":"Trittstufe","stage":"EXTERIOR","mirror":false,"skip_rendering_if_too_far":false,"door_offset":"NONE","render_condition":"DOOR_LEFT_OPEN","positions":[[0.0,0.0]],"whitelisted_cars":"%2+1","blacklisted_cars":"%1"},{"name":"Trittstufenlicht","stage":"ALWAYS_ON_LIGHTS","mirror":false,"skip_rendering_if_too_far":false,"door_offset":"NONE","render_condition":"DOOR_LEFT_OPEN","positions":[[0.0,0.0]],"whitelisted_cars":"%2+1","blacklisted_cars":"%1"},{"name":"Trittstufe","stage":"EXTERIOR","mirror":false,"skip_rendering_if_too_far":false,"door_offset":"NONE","render_condition":"DOOR_LEFT_OPEN","positions":[[0.0,-48.0]],"whitelisted_cars":"%2","blacklisted_cars":"%1"},{"name":"Trittstufenlicht","stage":"ALWAYS_ON_LIGHTS","mirror":false,"skip_rendering_if_too_far":false,"door_offset":"NONE","render_condition":"DOOR_LEFT_OPEN","positions":[[0.0,-48.0]],"whitelisted_cars":"%2","blacklisted_cars":"%1"},{"name":"Trittstufe","stage":"EXTERIOR","mirror":true,"skip_rendering_if_too_far":false,"door_offset":"NONE","render_condition":"DOOR_RIGHT_OPEN","positions":[[0.0,0.0]],"whitelisted_cars":"%2","blacklisted_cars":"%1"},{"name":"Trittstufenlicht","stage":"ALWAYS_ON_LIGHTS","mirror":true,"skip_rendering_if_too_far":false,"door_offset":"NONE","render_condition":"DOOR_RIGHT_OPEN","positions":[[0.0,0.0]],"whitelisted_cars":"%2","blacklisted_cars":"%1"},{"name":"Trittstufe","stage":"EXTERIOR","mirror":true,"skip_rendering_if_too_far":false,"door_offset":"NONE","render_condition":"DOOR_RIGHT_OPEN","positions":[[0.0,48.0]],"whitelisted_cars":"%2+1","blacklisted_cars":"%1"},{"name":"Trittstufenlicht","stage":"ALWAYS_ON_LIGHTS","mirror":true,"skip_rendering_if_too_far":false,"door_offset":"NONE","render_condition":"DOOR_RIGHT_OPEN","positions":[[0.0,48.0]],"whitelisted_cars":"%2+1","blacklisted_cars":"%1"},{"name":"Doppelsitz","stage":"INTERIOR","mirror":false,"skip_rendering_if_too_far":true,"door_offset":"NONE","render_condition":"ALL","positions":[[0.0,0.0],[24.5,0.0],[0.0,26.0],[24.5,26.0],[0.0,-80.0],[24.5,-80.0],[0.0,-54.0]],"whitelisted_cars":"%2+1","blacklisted_cars":"%1"},{"name":"Doppelsitz","stage":"INTERIOR","mirror":true,"skip_rendering_if_too_far":true,"door_offset":"NONE","render_condition":"ALL","positions":[[0.0,22.0],[24.5,22.0],[0.0,48.0],[24.5,48.0],[0.0,-58.0],[24.5,-58.0]],"whitelisted_cars":"%2+1","blacklisted_cars":"%1"},{"name":"Doppelsitz","stage":"INTERIOR","mirror":false,"skip_rendering_if_too_far":true,"door_offset":"NONE","render_condition":"ALL","positions":[[0.0,-22.0],[24.5,-22.0],[0.0,-48.0],[24.5,-48.0],[0.0,58.0],[24.5,58.0]],"whitelisted_cars":"%2","blacklisted_cars":"%1"},{"name":"Doppelsitz","stage":"INTERIOR","mirror":true,"skip_rendering_if_too_far":true,"door_offset":"NONE","render_condition":"ALL","positions":[[0.0,0.0],[24.5,0.0],[0.0,-26.0],[24.5,-26.0],[0.0,80.0],[24.5,80.0],[0.0,54.0]],"whitelisted_cars":"%2","blacklisted_cars":"%1"},{"name":"Einzelsitz","stage":"INTERIOR","mirror":true,"skip_rendering_if_too_far":true,"door_offset":"NONE","render_condition":"ALL","positions":[[0.0,-32.0]],"whitelisted_cars":"%2+1","blacklisted_cars":"%1"},{"name":"Einzelsitz","stage":"INTERIOR","mirror":false,"skip_rendering_if_too_far":true,"door_offset":"NONE","render_condition":"ALL","positions":[[0.0,32.0]],"whitelisted_cars":"%2","blacklisted_cars":"%1"},{"name":"Quersitz","stage":"INTERIOR","mirror":false,"skip_rendering_if_too_far":true,"door_offset":"NONE","render_condition":"ALL","positions":[[0.0,0.0]],"whitelisted_cars":"%2+1","blacklisted_cars":"%1"},{"name":"Quersitz","stage":"INTERIOR","mirror":true,"skip_rendering_if_too_far":true,"door_offset":"NONE","render_condition":"ALL","positions":[[0.0,182.0]],"whitelisted_cars":"%2+1","blacklisted_cars":"%1"},{"name":"Quersitz","stage":"INTERIOR","mirror":false,"skip_rendering_if_too_far":true,"door_offset":"NONE","render_condition":"ALL","positions":[[0.0,-182.0]],"whitelisted_cars":"%2","blacklisted_cars":"%1"},{"name":"Quersitz","stage":"INTERIOR","mirror":true,"skip_rendering_if_too_far":true,"door_offset":"NONE","render_condition":"ALL","positions":[[0.0,0.0]],"whitelisted_cars":"%2","blacklisted_cars":"%1"},{"name":"DisplayHintergrund_konstant","stage":"LIGHTS","mirror":false,"skip_rendering_if_too_far":false,"door_offset":"NONE","render_condition":"ALL","positions":[[0.0,0.0]],"whitelisted_cars":"%2+1","blacklisted_cars":"%1"},{"name":"DisplayHintergrund_konstant","stage":"LIGHTS","mirror":true,"skip_rendering_if_too_far":false,"door_offset":"NONE","render_condition":"ALL","positions":[[0.0,0.0]],"whitelisted_cars":"%2","blacklisted_cars":"%1"},{"name":"DisplayTuerOffen","stage":"ALWAYS_ON_LIGHTS","mirror":false,"skip_rendering_if_too_far":false,"door_offset":"NONE","render_condition":"DOOR_LEFT_OPEN","positions":[[0.0,0.0]],"whitelisted_cars":"%2+1","blacklisted_cars":"%1"},{"name":"DisplayTuerOffen","stage":"ALWAYS_ON_LIGHTS","mirror":false,"skip_rendering_if_too_far":false,"door_offset":"NONE","render_condition":"DOOR_LEFT_OPEN","positions":[[0.0,-48.0]],"whitelisted_cars":"%2","blacklisted_cars":"%1"},{"name":"DisplayTuerOffen","stage":"ALWAYS_ON_LIGHTS","mirror":true,"skip_rendering_if_too_far":false,"door_offset":"NONE","render_condition":"DOOR_RIGHT_OPEN","positions":[[0.0,48.0]],"whitelisted_cars":"%2+1","blacklisted_cars":"%1"},{"name":"DisplayTuerOffen","stage":"ALWAYS_ON_LIGHTS","mirror":true,"skip_rendering_if_too_far":false,"door_offset":"NONE","render_condition":"DOOR_RIGHT_OPEN","positions":[[0.0,0.0]],"whitelisted_cars":"%2","blacklisted_cars":"%1"},{"name":"DisplayAlleTuerenZu","stage":"ALWAYS_ON_LIGHTS","mirror":false,"skip_rendering_if_too_far":false,"door_offset":"NONE","render_condition":"DOORS_CLOSED","positions":[[0.0,0.0]],"whitelisted_cars":"%2+1","blacklisted_cars":"%1"},{"name":"DisplayAlleTuerenZu","stage":"ALWAYS_ON_LIGHTS","mirror":true,"skip_rendering_if_too_far":false,"door_offset":"NONE","render_condition":"DOORS_CLOSED","positions":[[0.0,0.0]],"whitelisted_cars":"%2","blacklisted_cars":"%1"},{"name":"TAnz_Halt","stage":"INTERIOR","mirror":false,"skip_rendering_if_too_far":false,"door_offset":"NONE","render_condition":"ALL","positions":[[0.0,0.0]],"whitelisted_cars":"%2+1","blacklisted_cars":"%1","display":{"x_padding":0.0,"y_padding":0.0,"cjk_size_ratio":-1.0,"type":"NEXT_STATION_PLAIN","color_cjk":"DBDBDB","color":"DBDBDB","should_scroll":false,"force_upper_case":false,"force_single_line":false}},{"name":"TAnz_Halt","stage":"INTERIOR","mirror":true,"skip_rendering_if_too_far":false,"door_offset":"NONE","render_condition":"ALL","positions":[[0.0,0.0]],"whitelisted_cars":"%2","blacklisted_cars":"%1","display":{"x_padding":0,"y_padding":0,"cjk_size_ratio":-1.0,"type":"NEXT_STATION_PLAIN","color_cjk":"DBDBDB","color":"DBDBDB","should_scroll":false,"force_upper_case":false,"force_single_line":false}},{"name":"TAnz_Linie","stage":"INTERIOR","mirror":false,"skip_rendering_if_too_far":false,"door_offset":"NONE","render_condition":"ALL","positions":[[0.0,0.0]],"whitelisted_cars":"%2+1","blacklisted_cars":"%1","display":{"x_padding":0,"y_padding":0,"cjk_size_ratio":0.0,"type":"ROUTE_NUMBER","color_cjk":"DBDBDB","color":"DBDBDB","should_scroll":false,"force_upper_case":false,"force_single_line":true}},{"name":"TAnz_Linie","stage":"INTERIOR","mirror":true,"skip_rendering_if_too_far":false,"door_offset":"NONE","render_condition":"ALL","positions":[[0.0,0.0]],"whitelisted_cars":"%2","blacklisted_cars":"%1","display":{"x_padding":0,"y_padding":0,"cjk_size_ratio":0,"type":"ROUTE_NUMBER","color_cjk":"DBDBDB","color":"DBDBDB","should_scroll":false,"force_upper_case":false,"force_single_line":true}},{"name":"TAnz_Ziel","stage":"INTERIOR","mirror":false,"skip_rendering_if_too_far":false,"door_offset":"NONE","render_condition":"ALL","positions":[[0.0,0.0]],"whitelisted_cars":"%2+1","blacklisted_cars":"%1","display":{"x_padding":0,"y_padding":0,"cjk_size_ratio":0,"type":"DESTINATION","color_cjk":"DBDBDB","color":"DBDBDB","should_scroll":false,"force_upper_case":false,"force_single_line":true}},{"name":"TAnz_Ziel","stage":"INTERIOR","mirror":true,"skip_rendering_if_too_far":false,"door_offset":"NONE","render_condition":"ALL","positions":[[0.0,0.0]],"whitelisted_cars":"%2","blacklisted_cars":"%1","display":{"x_padding":0,"y_padding":0,"cjk_size_ratio":0,"type":"DESTINATION","color_cjk":"DBDBDB","color":"DBDBDB","should_scroll":false,"force_upper_case":false,"force_single_line":true}},{"name":"FAnz_Halt","stage":"INTERIOR","mirror":false,"skip_rendering_if_too_far":false,"door_offset":"NONE","render_condition":"DOORS_CLOSED","positions":[[0.0,0.0]],"whitelisted_cars":"%2+1","blacklisted_cars":"%1","display":{"x_padding":0,"y_padding":0,"cjk_size_ratio":0,"type":"NEXT_STATION_PLAIN","color_cjk":"DBDBDB","color":"DBDBDB","should_scroll":false,"force_upper_case":false,"force_single_line":true}},{"name":"FAnz_Halt","stage":"INTERIOR","mirror":true,"skip_rendering_if_too_far":false,"door_offset":"NONE","render_condition":"DOORS_CLOSED","positions":[[0.0,0.0]],"whitelisted_cars":"%2","blacklisted_cars":"%1","display":{"x_padding":0,"y_padding":0,"cjk_size_ratio":0,"type":"NEXT_STATION_PLAIN","color_cjk":"DBDBDB","color":"DBDBDB","should_scroll":false,"force_upper_case":false,"force_single_line":true}},{"name":"FAnz_Linie","stage":"INTERIOR","mirror":false,"skip_rendering_if_too_far":false,"door_offset":"NONE","render_condition":"DOORS_OPEN","positions":[[0.0,0.0]],"whitelisted_cars":"%2+1","blacklisted_cars":"%1","display":{"x_padding":0,"y_padding":0,"cjk_size_ratio":0,"type":"ROUTE_NUMBER","color_cjk":"DBDBDB","color":"DBDBDB","should_scroll":false,"force_upper_case":false,"force_single_line":true}},{"name":"FAnz_Linie","stage":"INTERIOR","mirror":true,"skip_rendering_if_too_far":false,"door_offset":"NONE","render_condition":"DOORS_OPEN","positions":[[0.0,0.0]],"whitelisted_cars":"%2","blacklisted_cars":"%1","display":{"x_padding":0,"y_padding":0,"cjk_size_ratio":0,"type":"ROUTE_NUMBER","color_cjk":"DBDBDB","color":"DBDBDB","should_scroll":false,"force_upper_case":false,"force_single_line":true}},{"name":"FAnz_Ziel","stage":"INTERIOR","mirror":false,"skip_rendering_if_too_far":false,"door_offset":"NONE","render_condition":"DOORS_OPEN","positions":[[0.0,0.0]],"whitelisted_cars":"%2+1","blacklisted_cars":"%1","display":{"x_padding":0,"y_padding":0,"cjk_size_ratio":0,"type":"DESTINATION","color_cjk":"DBDBDB","color":"DBDBDB","should_scroll":false,"force_upper_case":false,"force_single_line":true}},{"name":"FAnz_Ziel","stage":"INTERIOR","mirror":true,"skip_rendering_if_too_far":false,"door_offset":"NONE","render_condition":"DOORS_OPEN","positions":[[0.0,0.0]],"whitelisted_cars":"%2","blacklisted_cars":"%1","display":{"x_padding":0,"y_padding":0,"cjk_size_ratio":0,"type":"DESTINATION","color_cjk":"DBDBDB","color":"DBDBDB","should_scroll":false,"force_upper_case":false,"force_single_line":true}},{"name":"Tuerstangen","stage":"INTERIOR","mirror":false,"skip_rendering_if_too_far":true,"door_offset":"NONE","render_condition":"ALL","positions":[[0.0,0.0]],"whitelisted_cars":"%2+1","blacklisted_cars":"%1"},{"name":"Tuerstangen","stage":"INTERIOR","mirror":true,"skip_rendering_if_too_far":true,"door_offset":"NONE","render_condition":"ALL","positions":[[0.0,48.0]],"whitelisted_cars":"%2+1","blacklisted_cars":"%1"},{"name":"Tuerstangen","stage":"INTERIOR","mirror":false,"skip_rendering_if_too_far":true,"door_offset":"NONE","render_condition":"ALL","positions":[[0.0,-48.0]],"whitelisted_cars":"%2","blacklisted_cars":"%1"},{"name":"Tuerstangen","stage":"INTERIOR","mirror":true,"skip_rendering_if_too_far":true,"door_offset":"NONE","render_condition":"ALL","positions":[[0.0,0.0]],"whitelisted_cars":"%2","blacklisted_cars":"%1"},{"name":"Tuerinnenleuchte_Grn","stage":"ALWAYS_ON_LIGHTS","mirror":false,"skip_rendering_if_too_far":false,"door_offset":"NONE","render_condition":"DOOR_RIGHT_OPEN","positions":[[0.0,0.0]],"whitelisted_cars":"%2+1","blacklisted_cars":"%1"},{"name":"Tuerinnenleuchte_Grn","stage":"ALWAYS_ON_LIGHTS","mirror":false,"skip_rendering_if_too_far":false,"door_offset":"NONE","render_condition":"DOOR_RIGHT_OPEN","positions":[[0.0,-48.0]],"whitelisted_cars":"%2","blacklisted_cars":"%1"},{"name":"Tuerinnenleuchte_Grn","stage":"ALWAYS_ON_LIGHTS","mirror":true,"skip_rendering_if_too_far":false,"door_offset":"NONE","render_condition":"DOOR_LEFT_OPEN","positions":[[0.0,48.0]],"whitelisted_cars":"%2+1","blacklisted_cars":"%1"},{"name":"Tuerinnenleuchte_Grn","stage":"ALWAYS_ON_LIGHTS","mirror":true,"skip_rendering_if_too_far":false,"door_offset":"NONE","render_condition":"DOOR_LEFT_OPEN","positions":[[0.0,0.0]],"whitelisted_cars":"%2","blacklisted_cars":"%1"},{"name":"LichtstreifenA","stage":"ALWAYS_ON_LIGHTS","mirror":false,"skip_rendering_if_too_far":false,"door_offset":"RIGHT_POSITIVE","render_condition":"DOOR_RIGHT_OPEN","positions":[[0.0,0.0],[0.0,80.0]],"whitelisted_cars":"%2+1","blacklisted_cars":"%1"},{"name":"LichtstreifenA","stage":"ALWAYS_ON_LIGHTS","mirror":false,"skip_rendering_if_too_far":false,"door_offset":"RIGHT_POSITIVE","render_condition":"DOOR_RIGHT_OPEN","positions":[[0.0,32.0],[0.0,-48.0]],"whitelisted_cars":"%2","blacklisted_cars":"%1"},{"name":"LichtstreifenB","stage":"ALWAYS_ON_LIGHTS","mirror":false,"skip_rendering_if_too_far":false,"door_offset":"RIGHT_NEGATIVE","render_condition":"DOOR_RIGHT_OPEN","positions":[[0.0,0.0],[0.0,80.0]],"whitelisted_cars":"%2+1","blacklisted_cars":"%1"},{"name":"LichtstreifenB","stage":"ALWAYS_ON_LIGHTS","mirror":false,"skip_rendering_if_too_far":false,"door_offset":"RIGHT_NEGATIVE","render_condition":"DOOR_RIGHT_OPEN","positions":[[0.0,32.0],[0.0,-48.0]],"whitelisted_cars":"%2","blacklisted_cars":"%1"},{"name":"LichtstreifenA","stage":"ALWAYS_ON_LIGHTS","mirror":true,"skip_rendering_if_too_far":false,"door_offset":"LEFT_POSITIVE","render_condition":"DOOR_LEFT_OPEN","positions":[[0.0,-32.0],[0.0,48.0]],"whitelisted_cars":"%2+1","blacklisted_cars":"%1"},{"name":"LichtstreifenA","stage":"ALWAYS_ON_LIGHTS","mirror":true,"skip_rendering_if_too_far":false,"door_offset":"LEFT_POSITIVE","render_condition":"DOOR_LEFT_OPEN","positions":[[0.0,0.0],[0.0,-80.0]],"whitelisted_cars":"%2","blacklisted_cars":"%1"},{"name":"LichtstreifenB","stage":"ALWAYS_ON_LIGHTS","mirror":true,"skip_rendering_if_too_far":false,"door_offset":"LEFT_NEGATIVE","render_condition":"DOOR_LEFT_OPEN","positions":[[0.0,48.0],[0.0,-32.0]],"whitelisted_cars":"%2+1","blacklisted_cars":"%1"},{"name":"LichtstreifenB","stage":"ALWAYS_ON_LIGHTS","mirror":true,"skip_rendering_if_too_far":false,"door_offset":"LEFT_NEGATIVE","render_condition":"DOOR_LEFT_OPEN","positions":[[0.0,0.0],[0.0,-80.0]],"whitelisted_cars":"%2","blacklisted_cars":"%1"},{"name":"DoppelsitzKlappbar","stage":"INTERIOR","mirror":false,"skip_rendering_if_too_far":true,"door_offset":"NONE","render_condition":"ALL","positions":[[24.5,-54.0]],"whitelisted_cars":"%2+1","blacklisted_cars":"%1"},{"name":"EinzelsitzKlappbar","stage":"INTERIOR","mirror":true,"skip_rendering_if_too_far":true,"door_offset":"NONE","render_condition":"ALL","positions":[[-30.5,-32.0]],"whitelisted_cars":"%2+1","blacklisted_cars":"%1"},{"name":"DoppelsitzKlappbar","stage":"INTERIOR","mirror":true,"skip_rendering_if_too_far":true,"door_offset":"NONE","render_condition":"ALL","positions":[[24.5,54.0]],"whitelisted_cars":"%2","blacklisted_cars":"%1"},{"name":"EinzelsitzKlappbar","stage":"INTERIOR","mirror":false,"skip_rendering_if_too_far":true,"door_offset":"NONE","render_condition":"ALL","positions":[[-30.5,32.0]],"whitelisted_cars":"%2","blacklisted_cars":"%1"},{"name":"Sitzgestell_Doppelsitz","stage":"INTERIOR","mirror":false,"skip_rendering_if_too_far":true,"door_offset":"NONE","render_condition":"ALL","positions":[[0.0,0.0]],"whitelisted_cars":"%2+1","blacklisted_cars":"%1"},{"name":"Sitzgestell_Doppelsitz","stage":"INTERIOR","mirror":true,"skip_rendering_if_too_far":true,"door_offset":"NONE","render_condition":"ALL","positions":[[0.0,0.0]],"whitelisted_cars":"%2","blacklisted_cars":"%1"},{"name":"Sitzgestell_Einzelsitz","stage":"INTERIOR","mirror":false,"skip_rendering_if_too_far":true,"door_offset":"NONE","render_condition":"ALL","positions":[[0.0,0.0]],"whitelisted_cars":"%2+1","blacklisted_cars":"%1"},{"name":"Sitzgestell_Einzelsitz","stage":"INTERIOR","mirror":true,"skip_rendering_if_too_far":true,"door_offset":"NONE","render_condition":"ALL","positions":[[0.0,0.0]],"whitelisted_cars":"%2","blacklisted_cars":"%1"},{"name":"Sitzhaltegriff","stage":"INTERIOR","mirror":false,"skip_rendering_if_too_far":true,"door_offset":"NONE","render_condition":"ALL","positions":[[0.0,37.0],[14.5,37.0],[0.0,-43.0],[14.5,-43.0]],"whitelisted_cars":"%2+1","blacklisted_cars":"%1"},{"name":"Sitzhaltegriff","stage":"INTERIOR","mirror":true,"skip_rendering_if_too_far":true,"door_offset":"NONE","render_condition":"ALL","positions":[[0.0,43.0],[14.5,43.0],[0.0,-37.0],[14.5,-37.0]],"whitelisted_cars":"%2","blacklisted_cars":"%1"}]}